task,record_id,episode,clean_anchor,clean_transport,prefix_a_anchor,prefix_a_transport,prefix_b_anchor,prefix_b_transport
cube,ap-anchor-transport-cube-000,7443,1,1,1,1,1,1
cube,ap-anchor-transport-cube-001,4325,0,0,0,0,0,0
cube,ap-anchor-transport-cube-002,4300,1,0,0,0,1,0
cube,ap-anchor-transport-cube-003,489,1,1,1,1,1,1
cube,ap-anchor-transport-cube-004,5687,1,1,1,1,0,0
cube,ap-anchor-transport-cube-005,4680,0,1,0,0,0,1
cube,ap-anchor-transport-cube-006,7647,0,0,1,0,0,0
cube,ap-anchor-transport-cube-007,6764,0,0,0,0,1,0
cube,ap-anchor-transport-cube-008,7971,1,1,1,0,1,1
cube,ap-anchor-transport-cube-009,812,0,0,0,0,0,0
cube,ap-anchor-transport-cube-010,859,1,1,0,0,1,1
cube,ap-anchor-transport-cube-011,2114,0,0,0,0,0,0
cube,ap-anchor-transport-cube-012,9056,1,1,1,1,0,0
cube,ap-anchor-transport-cube-013,7636,0,0,0,0,1,0
cube,ap-anchor-transport-cube-014,7753,0,0,0,0,0,0
cube,ap-anchor-transport-cube-015,6325,0,0,0,0,0,0
cube,ap-anchor-transport-cube-016,2751,1,1,1,1,1,1
cube,ap-anchor-transport-cube-017,9336,1,1,1,1,0,0
cube,ap-anchor-transport-cube-018,9072,0,0,0,0,0,0
cube,ap-anchor-transport-cube-019,7132,1,1,1,1,0,0
cube,ap-anchor-transport-cube-020,3852,0,0,0,0,0,0
cube,ap-anchor-transport-cube-021,4602,1,0,1,1,1,1
cube,ap-anchor-transport-cube-022,7626,0,0,0,0,0,0
cube,ap-anchor-transport-cube-023,570,0,1,0,1,0,0
cube,ap-anchor-transport-cube-024,1546,1,1,0,0,1,0
cube,ap-anchor-transport-cube-025,5546,0,0,0,0,0,0
cube,ap-anchor-transport-cube-026,6141,1,0,1,1,0,0
cube,ap-anchor-transport-cube-027,8028,0,0,0,0,0,0
cube,ap-anchor-transport-cube-028,9776,0,0,0,0,0,0
cube,ap-anchor-transport-cube-029,5696,1,1,1,1,1,1
cube,ap-anchor-transport-cube-030,2025,1,0,1,1,0,0
cube,ap-anchor-transport-cube-031,8424,1,1,1,1,1,1
cube,ap-anchor-transport-cube-032,7890,1,0,1,0,1,1
cube,ap-anchor-transport-cube-033,3029,0,0,0,0,1,0
cube,ap-anchor-transport-cube-034,9797,0,0,0,1,0,0
cube,ap-anchor-transport-cube-035,2574,0,0,1,1,1,0
cube,ap-anchor-transport-cube-036,2791,1,1,0,0,0,0
cube,ap-anchor-transport-cube-037,9414,0,0,0,0,0,0
cube,ap-anchor-transport-cube-038,3696,0,0,0,0,0,0
cube,ap-anchor-transport-cube-039,5597,0,0,0,0,0,0
cube,ap-anchor-transport-cube-040,4261,1,1,0,0,1,1
cube,ap-anchor-transport-cube-041,6836,1,1,1,1,0,0
cube,ap-anchor-transport-cube-042,3603,1,1,1,1,1,1
cube,ap-anchor-transport-cube-043,4754,1,1,1,1,1,0
cube,ap-anchor-transport-cube-044,6550,1,0,1,1,0,0
cube,ap-anchor-transport-cube-045,8426,1,0,0,0,0,0
cube,ap-anchor-transport-cube-046,9423,0,0,0,0,0,0
cube,ap-anchor-transport-cube-047,3118,1,1,0,0,1,1
cube,ap-anchor-transport-cube-048,5281,1,1,0,0,0,0
cube,ap-anchor-transport-cube-049,8955,0,0,0,0,0,1
cube,ap-anchor-transport-cube-050,1174,1,0,0,0,0,0
cube,ap-anchor-transport-cube-051,8789,1,1,1,1,0,0
cube,ap-anchor-transport-cube-052,3957,0,0,0,0,0,0
cube,ap-anchor-transport-cube-053,2028,1,1,0,0,1,1
cube,ap-anchor-transport-cube-054,7341,1,1,1,1,1,1
cube,ap-anchor-transport-cube-055,4923,0,0,0,0,0,0
cube,ap-anchor-transport-cube-056,6040,0,1,0,0,0,0
cube,ap-anchor-transport-cube-057,9261,0,0,0,0,1,0
cube,ap-anchor-transport-cube-058,1689,1,0,1,0,0,0
cube,ap-anchor-transport-cube-059,3213,0,0,0,0,0,0
cube,ap-anchor-transport-cube-060,6005,1,1,1,1,1,1
cube,ap-anchor-transport-cube-061,6287,0,0,0,0,0,0
cube,ap-anchor-transport-cube-062,8734,0,1,1,1,0,0
cube,ap-anchor-transport-cube-063,183,0,1,0,0,0,0
cube,ap-anchor-transport-cube-064,960,0,1,0,0,1,1
cube,ap-anchor-transport-cube-065,3708,0,1,0,0,0,0
cube,ap-anchor-transport-cube-066,5003,0,0,0,0,0,0
cube,ap-anchor-transport-cube-067,5541,0,1,0,0,0,0
cube,ap-anchor-transport-cube-068,6490,0,1,1,1,0,0
cube,ap-anchor-transport-cube-069,3592,1,0,0,0,0,0
cube,ap-anchor-transport-cube-070,6350,1,1,0,1,0,1
cube,ap-anchor-transport-cube-071,9507,1,1,0,0,0,0
cube,ap-anchor-transport-cube-072,6242,1,1,1,1,1,1
cube,ap-anchor-transport-cube-073,1616,1,1,1,1,1,1
cube,ap-anchor-transport-cube-074,2640,0,0,0,0,0,0
cube,ap-anchor-transport-cube-075,361,0,1,0,1,0,0
cube,ap-anchor-transport-cube-076,4230,0,0,0,0,0,0
cube,ap-anchor-transport-cube-077,8253,1,1,1,1,0,0
cube,ap-anchor-transport-cube-078,3648,1,1,1,1,1,1
cube,ap-anchor-transport-cube-079,7781,0,0,0,0,0,0
cube,ap-anchor-transport-cube-080,5026,0,1,0,0,0,0
cube,ap-anchor-transport-cube-081,4057,0,0,0,0,0,0
cube,ap-anchor-transport-cube-082,5277,0,0,0,0,0,0
cube,ap-anchor-transport-cube-083,1110,0,0,0,0,0,0
cube,ap-anchor-transport-cube-084,7557,0,1,1,0,0,0
cube,ap-anchor-transport-cube-085,4815,1,1,1,1,0,0
cube,ap-anchor-transport-cube-086,7760,1,0,1,1,0,0
cube,ap-anchor-transport-cube-087,9065,1,1,0,0,0,0
cube,ap-anchor-transport-cube-088,8904,0,1,0,0,0,0
cube,ap-anchor-transport-cube-089,3884,0,0,0,0,0,0
cube,ap-anchor-transport-cube-090,8429,1,1,1,1,1,1
cube,ap-anchor-transport-cube-091,3758,0,1,0,0,0,0
cube,ap-anchor-transport-cube-092,6253,1,1,1,1,1,1
cube,ap-anchor-transport-cube-093,8401,0,0,1,1,0,0
cube,ap-anchor-transport-cube-094,1212,1,0,1,0,0,0
cube,ap-anchor-transport-cube-095,9369,1,0,0,0,0,0
cube,ap-anchor-transport-cube-096,869,0,1,0,0,0,0
cube,ap-anchor-transport-cube-097,1060,0,0,0,0,1,1
cube,ap-anchor-transport-cube-098,5532,1,1,1,1,1,0
cube,ap-anchor-transport-cube-099,7912,1,1,1,1,1,0
cube,ap-anchor-transport-cube-100,6706,1,0,0,0,0,0
cube,ap-anchor-transport-cube-101,9704,0,0,0,0,0,0
cube,ap-anchor-transport-cube-102,3830,1,1,1,1,1,1
cube,ap-anchor-transport-cube-103,2058,0,0,0,0,0,0
cube,ap-anchor-transport-cube-104,7685,0,0,0,0,0,0
cube,ap-anchor-transport-cube-105,4203,1,0,1,0,0,0
cube,ap-anchor-transport-cube-106,732,1,1,0,0,0,0
cube,ap-anchor-transport-cube-107,4463,0,0,0,0,0,0
cube,ap-anchor-transport-cube-108,4631,0,0,0,0,0,0
cube,ap-anchor-transport-cube-109,9307,1,1,0,0,1,0
cube,ap-anchor-transport-cube-110,9259,1,1,1,0,0,0
cube,ap-anchor-transport-cube-111,4607,0,0,1,0,0,0
cube,ap-anchor-transport-cube-112,1073,0,0,0,0,0,0
cube,ap-anchor-transport-cube-113,3537,0,0,0,0,0,0
cube,ap-anchor-transport-cube-114,8387,1,1,1,1,0,0
cube,ap-anchor-transport-cube-115,6063,0,0,0,0,0,0
cube,ap-anchor-transport-cube-116,3338,1,1,1,1,1,1
cube,ap-anchor-transport-cube-117,7801,1,1,0,0,1,1
cube,ap-anchor-transport-cube-118,6132,1,0,0,0,1,0
cube,ap-anchor-transport-cube-119,1913,0,0,0,0,0,0
cube,ap-anchor-transport-cube-120,9308,1,0,0,0,0,0
cube,ap-anchor-transport-cube-121,3530,1,1,0,0,1,1
cube,ap-anchor-transport-cube-122,2216,1,1,1,1,1,1
cube,ap-anchor-transport-cube-123,5759,1,1,0,0,0,0
cube,ap-anchor-transport-cube-124,7069,1,1,1,1,1,1
cube,ap-anchor-transport-cube-125,8359,1,0,0,0,1,0
cube,ap-anchor-transport-cube-126,8942,0,0,0,0,0,0
cube,ap-anchor-transport-cube-127,5289,0,0,0,0,0,0
pusht,ap-anchor-transport-pusht-000,16712,0,0,1,0,0,0
pusht,ap-anchor-transport-pusht-001,11563,1,1,1,0,1,0
pusht,ap-anchor-transport-pusht-002,8931,1,1,1,1,1,1
pusht,ap-anchor-transport-pusht-003,12587,1,1,0,0,1,0
pusht,ap-anchor-transport-pusht-004,2713,0,0,0,1,0,0
pusht,ap-anchor-transport-pusht-005,3855,1,0,1,0,1,0
pusht,ap-anchor-transport-pusht-006,12542,1,1,1,1,1,1
pusht,ap-anchor-transport-pusht-007,5142,0,0,1,1,1,1
pusht,ap-anchor-transport-pusht-008,641,1,0,1,0,1,1
pusht,ap-anchor-transport-pusht-009,14708,1,1,1,1,0,0
pusht,ap-anchor-transport-pusht-010,5084,1,1,0,0,1,1
pusht,ap-anchor-transport-pusht-011,12318,0,0,0,0,0,0
pusht,ap-anchor-transport-pusht-012,618,1,1,1,1,1,0
pusht,ap-anchor-transport-pusht-013,11584,1,1,1,1,1,1
pusht,ap-anchor-transport-pusht-014,12622,0,0,0,0,0,0
pusht,ap-anchor-transport-pusht-015,11499,0,0,0,0,0,0
pusht,ap-anchor-transport-pusht-016,11576,1,0,1,0,0,0
pusht,ap-anchor-transport-pusht-017,4698,1,1,1,1,1,0
pusht,ap-anchor-transport-pusht-018,6120,1,0,1,1,1,0
pusht,ap-anchor-transport-pusht-019,13269,1,1,1,0,1,0
pusht,ap-anchor-transport-pusht-020,13383,1,0,1,1,1,0
pusht,ap-anchor-transport-pusht-021,8185,1,1,1,1,1,1
pusht,ap-anchor-transport-pusht-022,15157,1,1,1,1,1,1
pusht,ap-anchor-transport-pusht-023,11608,1,0,0,0,0,0
pusht,ap-anchor-transport-pusht-024,8367,0,0,0,0,0,0
pusht,ap-anchor-transport-pusht-025,11100,0,1,0,1,0,0
pusht,ap-anchor-transport-pusht-026,15160,1,1,1,0,1,1
pusht,ap-anchor-transport-pusht-027,12312,1,1,0,1,0,1
pusht,ap-anchor-transport-pusht-028,8308,1,1,1,1,1,0
pusht,ap-anchor-transport-pusht-029,2703,1,1,0,0,1,1
pusht,ap-anchor-transport-pusht-030,15248,0,0,0,0,0,0
pusht,ap-anchor-transport-pusht-031,10199,0,0,0,0,0,0
pusht,ap-anchor-transport-pusht-032,10323,1,1,1,1,1,0
pusht,ap-anchor-transport-pusht-033,13155,1,1,1,1,1,1
pusht,ap-anchor-transport-pusht-034,10652,1,0,0,0,1,0
pusht,ap-anchor-transport-pusht-035,867,0,1,0,0,0,0
pusht,ap-anchor-transport-pusht-036,4964,1,1,1,0,1,1
pusht,ap-anchor-transport-pusht-037,10461,1,1,1,1,1,1
pusht,ap-anchor-transport-pusht-038,16735,0,0,0,0,1,1
pusht,ap-anchor-transport-pusht-039,6097,1,1,1,1,1,0
pusht,ap-anchor-transport-pusht-040,17118,1,1,1,1,1,1
pusht,ap-anchor-transport-pusht-041,14448,1,1,1,1,1,1
pusht,ap-anchor-transport-pusht-042,15991,1,1,1,1,1,1
pusht,ap-anchor-transport-pusht-043,8377,0,0,0,1,0,0
pusht,ap-anchor-transport-pusht-044,4731,1,1,1,1,1,1
pusht,ap-anchor-transport-pusht-045,12531,1,1,1,0,1,1
pusht,ap-anchor-transport-pusht-046,13970,1,1,1,1,0,1
pusht,ap-anchor-transport-pusht-047,16074,1,1,1,0,1,1
pusht,ap-anchor-transport-pusht-048,6102,1,1,1,0,1,1
pusht,ap-anchor-transport-pusht-049,15155,1,1,1,1,1,1
pusht,ap-anchor-transport-pusht-050,8835,1,1,1,1,1,1
pusht,ap-anchor-transport-pusht-051,3687,1,0,0,0,1,0
pusht,ap-anchor-transport-pusht-052,5231,1,1,1,0,1,1
pusht,ap-anchor-transport-pusht-053,896,0,1,0,1,0,0
pusht,ap-anchor-transport-pusht-054,5913,1,1,1,1,1,0
pusht,ap-anchor-transport-pusht-055,14469,1,1,1,1,1,0
pusht,ap-anchor-transport-pusht-056,6203,0,0,0,0,0,0
pusht,ap-anchor-transport-pusht-057,10427,1,1,1,0,1,0
pusht,ap-anchor-transport-pusht-058,2636,1,1,1,0,1,1
pusht,ap-anchor-transport-pusht-059,13147,1,1,1,0,1,0
pusht,ap-anchor-transport-pusht-060,16197,1,1,1,1,1,1
pusht,ap-anchor-transport-pusht-061,10441,1,1,1,1,1,1
pusht,ap-anchor-transport-pusht-062,5153,1,1,1,0,1,1
pusht,ap-anchor-transport-pusht-063,10678,1,0,1,1,0,0
pusht,ap-anchor-transport-pusht-064,644,0,1,0,0,1,1
pusht,ap-anchor-transport-pusht-065,12795,1,1,1,0,1,1
pusht,ap-anchor-transport-pusht-066,5195,1,1,1,1,1,1
pusht,ap-anchor-transport-pusht-067,2948,0,1,0,1,1,0
pusht,ap-anchor-transport-pusht-068,8354,1,0,1,0,1,0
pusht,ap-anchor-transport-pusht-069,13176,1,1,1,0,1,1
pusht,ap-anchor-transport-pusht-070,8954,1,1,1,0,1,1
pusht,ap-anchor-transport-pusht-071,7484,1,1,1,1,1,1
pusht,ap-anchor-transport-pusht-072,4820,1,1,1,1,1,0
pusht,ap-anchor-transport-pusht-073,13290,1,1,1,1,1,1
pusht,ap-anchor-transport-pusht-074,4930,1,0,1,1,1,0
pusht,ap-anchor-transport-pusht-075,17339,1,0,1,0,1,0
pusht,ap-anchor-transport-pusht-076,14484,1,1,1,0,1,1
pusht,ap-anchor-transport-pusht-077,10464,1,1,0,0,1,1
pusht,ap-anchor-transport-pusht-078,17138,1,1,1,1,1,1
pusht,ap-anchor-transport-pusht-079,6503,1,1,1,1,1,1
pusht,ap-anchor-transport-pusht-080,5224,0,0,0,0,0,0
pusht,ap-anchor-transport-pusht-081,6125,1,0,1,0,1,0
pusht,ap-anchor-transport-pusht-082,13939,1,1,1,0,1,1
pusht,ap-anchor-transport-pusht-083,3683,0,0,0,0,0,0
pusht,ap-anchor-transport-pusht-084,8791,1,1,1,1,1,0
pusht,ap-anchor-transport-pusht-085,6114,0,0,0,0,1,0
pusht,ap-anchor-transport-pusht-086,10439,1,1,1,1,0,0
pusht,ap-anchor-transport-pusht-087,10685,1,0,1,1,1,1
pusht,ap-anchor-transport-pusht-088,11404,0,0,0,0,0,0
pusht,ap-anchor-transport-pusht-089,3702,1,1,1,0,1,1
pusht,ap-anchor-transport-pusht-090,11026,1,0,0,0,1,1
pusht,ap-anchor-transport-pusht-091,14692,1,0,1,0,1,0
pusht,ap-anchor-transport-pusht-092,846,1,1,1,1,1,0
pusht,ap-anchor-transport-pusht-093,10386,0,0,0,1,1,0
pusht,ap-anchor-transport-pusht-094,16741,1,1,1,1,0,1
pusht,ap-anchor-transport-pusht-095,10872,1,1,1,0,1,1
pusht,ap-anchor-transport-pusht-096,17150,1,1,1,0,1,0
pusht,ap-anchor-transport-pusht-097,3729,0,0,0,0,0,0
pusht,ap-anchor-transport-pusht-098,3681,0,0,0,0,0,0
pusht,ap-anchor-transport-pusht-099,8212,0,0,1,0,0,0
pusht,ap-anchor-transport-pusht-100,11481,1,1,1,1,1,1
pusht,ap-anchor-transport-pusht-101,4927,1,1,1,1,1,1
pusht,ap-anchor-transport-pusht-102,6539,1,1,1,1,1,0
pusht,ap-anchor-transport-pusht-103,8252,1,1,1,0,0,1
pusht,ap-anchor-transport-pusht-104,8841,1,1,1,1,1,1
pusht,ap-anchor-transport-pusht-105,14683,1,0,0,0,0,0
pusht,ap-anchor-transport-pusht-106,17365,0,0,0,0,0,0
pusht,ap-anchor-transport-pusht-107,11440,1,1,1,0,1,0
pusht,ap-anchor-transport-pusht-108,15141,0,0,0,0,0,0
pusht,ap-anchor-transport-pusht-109,15986,0,0,0,0,0,1
pusht,ap-anchor-transport-pusht-110,13331,0,0,0,0,0,0
pusht,ap-anchor-transport-pusht-111,3135,1,1,1,1,1,1
pusht,ap-anchor-transport-pusht-112,14231,0,1,0,0,0,0
pusht,ap-anchor-transport-pusht-113,17089,1,1,1,0,1,1
pusht,ap-anchor-transport-pusht-114,3728,0,0,0,0,0,0
pusht,ap-anchor-transport-pusht-115,8920,1,1,1,0,1,1
pusht,ap-anchor-transport-pusht-116,17651,1,0,1,0,1,0
pusht,ap-anchor-transport-pusht-117,17113,0,1,0,0,0,0
pusht,ap-anchor-transport-pusht-118,12068,1,1,1,1,1,1
pusht,ap-anchor-transport-pusht-119,10239,1,1,1,1,1,1
pusht,ap-anchor-transport-pusht-120,12797,1,0,1,1,1,0
pusht,ap-anchor-transport-pusht-121,2652,1,1,1,1,1,1
pusht,ap-anchor-transport-pusht-122,11599,0,0,0,0,0,0
pusht,ap-anchor-transport-pusht-123,3162,1,0,1,1,1,0
pusht,ap-anchor-transport-pusht-124,4826,0,1,0,0,1,0
pusht,ap-anchor-transport-pusht-125,17645,0,0,0,0,0,0
pusht,ap-anchor-transport-pusht-126,6488,1,1,0,0,0,0
pusht,ap-anchor-transport-pusht-127,12280,1,1,1,1,1,1
reacher,ap-anchor-transport-reacher-000,2136,1,0,1,0,0,0
reacher,ap-anchor-transport-reacher-001,2791,1,1,1,1,1,0
reacher,ap-anchor-transport-reacher-002,768,1,1,1,1,1,1
reacher,ap-anchor-transport-reacher-003,8879,1,1,1,1,1,1
reacher,ap-anchor-transport-reacher-004,746,1,1,1,1,1,0
reacher,ap-anchor-transport-reacher-005,8253,0,1,0,1,1,1
reacher,ap-anchor-transport-reacher-006,5622,1,1,1,1,1,1
reacher,ap-anchor-transport-reacher-007,8597,1,1,1,1,1,1
reacher,ap-anchor-transport-reacher-008,4432,1,1,1,1,1,0
reacher,ap-anchor-transport-reacher-009,4148,1,1,1,1,1,1
reacher,ap-anchor-transport-reacher-010,7715,1,1,1,1,1,1
reacher,ap-anchor-transport-reacher-011,7306,0,1,1,1,1,1
reacher,ap-anchor-transport-reacher-012,7349,1,1,1,1,1,1
reacher,ap-anchor-transport-reacher-013,4487,0,0,0,0,0,0
reacher,ap-anchor-transport-reacher-014,6853,1,1,0,1,0,1
reacher,ap-anchor-transport-reacher-015,3191,0,0,0,0,0,0
reacher,ap-anchor-transport-reacher-016,2184,0,1,0,1,0,0
reacher,ap-anchor-transport-reacher-017,5566,1,1,1,1,1,1
reacher,ap-anchor-transport-reacher-018,7926,1,1,0,0,1,0
reacher,ap-anchor-transport-reacher-019,290,1,1,1,1,1,1
reacher,ap-anchor-transport-reacher-020,1692,1,1,1,1,0,1
reacher,ap-anchor-transport-reacher-021,1586,1,1,1,1,1,1
reacher,ap-anchor-transport-reacher-022,1212,1,1,1,1,1,1
reacher,ap-anchor-transport-reacher-023,9033,1,0,1,0,0,0
reacher,ap-anchor-transport-reacher-024,5866,0,1,1,1,0,0
reacher,ap-anchor-transport-reacher-025,2984,1,1,1,1,1,1
reacher,ap-anchor-transport-reacher-026,1782,1,1,1,1,1,1
reacher,ap-anchor-transport-reacher-027,9656,1,1,1,1,1,1
reacher,ap-anchor-transport-reacher-028,4071,1,1,1,1,0,1
reacher,ap-anchor-transport-reacher-029,5051,1,0,1,0,0,0
reacher,ap-anchor-transport-reacher-030,2869,1,1,1,1,1,1
reacher,ap-anchor-transport-reacher-031,8261,1,1,1,1,1,1
reacher,ap-anchor-transport-reacher-032,2557,1,1,1,1,1,1
reacher,ap-anchor-transport-reacher-033,6758,1,1,1,1,0,1
reacher,ap-anchor-transport-reacher-034,7117,1,1,1,1,1,1
reacher,ap-anchor-transport-reacher-035,4439,1,1,0,1,1,1
reacher,ap-anchor-transport-reacher-036,7160,1,0,0,1,0,0
reacher,ap-anchor-transport-reacher-037,7213,1,0,0,1,0,1
reacher,ap-anchor-transport-reacher-038,193,0,1,0,0,0,0
reacher,ap-anchor-transport-reacher-039,4882,1,1,0,0,0,1
reacher,ap-anchor-transport-reacher-040,6049,0,1,0,0,0,0
reacher,ap-anchor-transport-reacher-041,6803,1,1,0,1,1,1
reacher,ap-anchor-transport-reacher-042,9224,0,1,0,1,0,1
reacher,ap-anchor-transport-reacher-043,9145,1,1,1,1,1,1
reacher,ap-anchor-transport-reacher-044,6306,1,1,1,1,1,1
reacher,ap-anchor-transport-reacher-045,7605,0,1,1,1,1,0
reacher,ap-anchor-transport-reacher-046,4919,1,1,1,1,0,1
reacher,ap-anchor-transport-reacher-047,1871,1,1,1,1,0,1
reacher,ap-anchor-transport-reacher-048,8398,1,1,1,1,1,1
reacher,ap-anchor-transport-reacher-049,6126,1,0,1,1,1,0
reacher,ap-anchor-transport-reacher-050,5615,0,1,0,0,0,1
reacher,ap-anchor-transport-reacher-051,4455,1,1,1,1,1,1
reacher,ap-anchor-transport-reacher-052,6764,1,1,1,1,1,1
reacher,ap-anchor-transport-reacher-053,423,1,1,1,1,1,1
reacher,ap-anchor-transport-reacher-054,8366,0,0,0,0,1,1
reacher,ap-anchor-transport-reacher-055,7289,1,1,1,0,1,1
reacher,ap-anchor-transport-reacher-056,7529,0,1,0,1,0,0
reacher,ap-anchor-transport-reacher-057,5336,1,1,1,1,1,1
reacher,ap-anchor-transport-reacher-058,4674,0,0,0,1,0,0
reacher,ap-anchor-transport-reacher-059,2151,1,1,1,1,1,1
reacher,ap-anchor-transport-reacher-060,4273,1,1,1,1,1,1
reacher,ap-anchor-transport-reacher-061,1265,1,1,1,1,1,1
reacher,ap-anchor-transport-reacher-062,9408,0,1,1,0,1,1
reacher,ap-anchor-transport-reacher-063,8986,1,1,1,1,1,1
reacher,ap-anchor-transport-reacher-064,7945,1,1,1,1,1,1
reacher,ap-anchor-transport-reacher-065,4599,1,1,1,1,1,1
reacher,ap-anchor-transport-reacher-066,2141,1,1,1,1,1,1
reacher,ap-anchor-transport-reacher-067,3494,1,1,1,1,1,1
reacher,ap-anchor-transport-reacher-068,7789,1,1,1,1,1,1
reacher,ap-anchor-transport-reacher-069,1833,0,0,0,0,0,0
reacher,ap-anchor-transport-reacher-070,2450,0,0,0,0,0,1
reacher,ap-anchor-transport-reacher-071,1800,1,1,0,0,0,0
reacher,ap-anchor-transport-reacher-072,9237,1,1,1,0,1,1
reacher,ap-anchor-transport-reacher-073,7912,1,1,1,1,1,1
reacher,ap-anchor-transport-reacher-074,869,1,1,1,1,1,1
reacher,ap-anchor-transport-reacher-075,8922,1,1,1,1,1,1
reacher,ap-anchor-transport-reacher-076,8089,1,1,1,1,1,1
reacher,ap-anchor-transport-reacher-077,9995,1,1,1,1,1,1
reacher,ap-anchor-transport-reacher-078,2511,0,1,0,0,1,0
reacher,ap-anchor-transport-reacher-079,8009,0,0,0,1,1,1
reacher,ap-anchor-transport-reacher-080,8862,1,1,1,0,1,1
reacher,ap-anchor-transport-reacher-081,9965,1,1,1,1,1,1
reacher,ap-anchor-transport-reacher-082,812,1,1,1,1,1,1
reacher,ap-anchor-transport-reacher-083,9888,1,1,1,1,1,1
reacher,ap-anchor-transport-reacher-084,8404,1,1,1,1,1,1
reacher,ap-anchor-transport-reacher-085,5304,0,0,0,0,1,1
reacher,ap-anchor-transport-reacher-086,1431,1,1,1,1,1,1
reacher,ap-anchor-transport-reacher-087,9056,1,1,1,1,1,1
reacher,ap-anchor-transport-reacher-088,6024,0,1,0,1,0,0
reacher,ap-anchor-transport-reacher-089,8171,1,1,1,1,1,1
reacher,ap-anchor-transport-reacher-090,8692,1,1,1,1,1,1
reacher,ap-anchor-transport-reacher-091,7153,1,1,1,1,1,1
reacher,ap-anchor-transport-reacher-092,2035,1,1,1,1,1,1
reacher,ap-anchor-transport-reacher-093,6149,1,1,1,1,1,1
reacher,ap-anchor-transport-reacher-094,5911,0,1,0,1,1,0
reacher,ap-anchor-transport-reacher-095,658,1,1,1,1,1,1
reacher,ap-anchor-transport-reacher-096,1062,0,1,0,1,1,1
reacher,ap-anchor-transport-reacher-097,6646,1,1,1,1,1,1
reacher,ap-anchor-transport-reacher-098,1616,1,0,1,0,0,0
reacher,ap-anchor-transport-reacher-099,4325,0,0,0,0,0,0
reacher,ap-anchor-transport-reacher-100,3480,1,1,1,1,1,1
reacher,ap-anchor-transport-reacher-101,5281,1,1,1,1,1,1
reacher,ap-anchor-transport-reacher-102,2742,1,0,1,1,1,1
reacher,ap-anchor-transport-reacher-103,5433,1,1,0,1,1,1
reacher,ap-anchor-transport-reacher-104,6943,1,1,1,1,1,1
reacher,ap-anchor-transport-reacher-105,7656,1,0,1,1,0,1
reacher,ap-anchor-transport-reacher-106,6880,1,1,1,0,1,1
reacher,ap-anchor-transport-reacher-107,7314,0,0,1,0,0,0
reacher,ap-anchor-transport-reacher-108,4153,1,1,1,1,1,1
reacher,ap-anchor-transport-reacher-109,6412,0,1,0,1,1,0
reacher,ap-anchor-transport-reacher-110,4970,1,1,1,1,1,1
reacher,ap-anchor-transport-reacher-111,7340,0,0,0,1,1,0
reacher,ap-anchor-transport-reacher-112,9197,1,1,0,0,0,1
reacher,ap-anchor-transport-reacher-113,2050,0,0,0,1,0,0
reacher,ap-anchor-transport-reacher-114,1791,1,1,1,1,1,1
reacher,ap-anchor-transport-reacher-115,444,1,1,1,1,1,1
reacher,ap-anchor-transport-reacher-116,9436,0,0,0,0,0,0
reacher,ap-anchor-transport-reacher-117,2688,1,1,1,1,1,1
reacher,ap-anchor-transport-reacher-118,1696,1,1,1,0,1,1
reacher,ap-anchor-transport-reacher-119,9971,1,1,1,1,1,1
reacher,ap-anchor-transport-reacher-120,344,1,0,1,1,1,0
reacher,ap-anchor-transport-reacher-121,8459,1,0,1,1,1,1
reacher,ap-anchor-transport-reacher-122,4564,1,0,0,0,0,0
reacher,ap-anchor-transport-reacher-123,8696,1,1,1,1,1,1
reacher,ap-anchor-transport-reacher-124,7782,0,0,0,1,0,1
reacher,ap-anchor-transport-reacher-125,7929,1,1,1,1,1,1
reacher,ap-anchor-transport-reacher-126,1593,1,1,1,1,1,1
reacher,ap-anchor-transport-reacher-127,92,1,0,1,0,0,1
tworoom,ap-anchor-transport-tworoom-000,3959,0,0,0,1,0,1
tworoom,ap-anchor-transport-tworoom-001,3680,0,0,0,0,0,0
tworoom,ap-anchor-transport-tworoom-002,2557,0,1,0,0,1,0
tworoom,ap-anchor-transport-tworoom-003,683,0,0,0,0,1,1
tworoom,ap-anchor-transport-tworoom-004,241,0,0,0,1,0,0
tworoom,ap-anchor-transport-tworoom-005,3646,1,0,1,0,1,0
tworoom,ap-anchor-transport-tworoom-006,8763,0,0,0,0,0,0
tworoom,ap-anchor-transport-tworoom-007,4462,1,0,1,0,1,1
tworoom,ap-anchor-transport-tworoom-008,1586,0,0,0,0,0,0
tworoom,ap-anchor-transport-tworoom-009,6909,0,0,0,0,0,0
tworoom,ap-anchor-transport-tworoom-010,9641,1,0,1,0,1,0
tworoom,ap-anchor-transport-tworoom-011,8770,0,0,0,0,0,0
tworoom,ap-anchor-transport-tworoom-012,5290,0,0,0,0,0,0
tworoom,ap-anchor-transport-tworoom-013,3507,1,0,1,0,1,0
tworoom,ap-anchor-transport-tworoom-014,4751,0,0,0,0,0,0
tworoom,ap-anchor-transport-tworoom-015,5179,1,0,1,0,1,0
tworoom,ap-anchor-transport-tworoom-016,2824,1,0,0,0,0,1
tworoom,ap-anchor-transport-tworoom-017,8127,0,0,0,0,0,0
tworoom,ap-anchor-transport-tworoom-018,5580,1,0,1,0,1,1
tworoom,ap-anchor-transport-tworoom-019,183,1,1,1,1,1,1
tworoom,ap-anchor-transport-tworoom-020,1715,0,0,0,0,0,0
tworoom,ap-anchor-transport-tworoom-021,3036,1,0,1,0,1,0
tworoom,ap-anchor-transport-tworoom-022,1781,1,1,1,0,1,1
tworoom,ap-anchor-transport-tworoom-023,5835,0,0,0,0,0,0
tworoom,ap-anchor-transport-tworoom-024,8388,1,1,1,1,1,1
tworoom,ap-anchor-transport-tworoom-025,4521,0,0,0,1,0,1
tworoom,ap-anchor-transport-tworoom-026,2185,1,1,1,0,0,0
tworoom,ap-anchor-transport-tworoom-027,1351,0,0,0,0,0,0
tworoom,ap-anchor-transport-tworoom-028,4803,1,1,1,1,1,1
tworoom,ap-anchor-transport-tworoom-029,4455,0,0,0,0,0,0
tworoom,ap-anchor-transport-tworoom-030,8264,0,0,0,0,0,0
tworoom,ap-anchor-transport-tworoom-031,4737,1,1,1,1,1,1
tworoom,ap-anchor-transport-tworoom-032,8074,0,0,0,0,0,0
tworoom,ap-anchor-transport-tworoom-033,2035,0,1,0,0,0,0
tworoom,ap-anchor-transport-tworoom-034,4474,0,0,0,0,1,0
tworoom,ap-anchor-transport-tworoom-035,1004,0,0,0,0,0,0
tworoom,ap-anchor-transport-tworoom-036,2507,0,0,0,0,0,0
tworoom,ap-anchor-transport-tworoom-037,2615,0,0,0,0,0,0
tworoom,ap-anchor-transport-tworoom-038,3884,0,0,0,1,0,0
tworoom,ap-anchor-transport-tworoom-039,9182,1,1,1,1,1,1
tworoom,ap-anchor-transport-tworoom-040,2977,0,0,0,0,0,0
tworoom,ap-anchor-transport-tworoom-041,7148,0,0,0,0,0,0
tworoom,ap-anchor-transport-tworoom-042,2742,0,0,0,0,0,0
tworoom,ap-anchor-transport-tworoom-043,9275,0,0,0,0,0,0
tworoom,ap-anchor-transport-tworoom-044,9848,1,1,1,1,1,0
tworoom,ap-anchor-transport-tworoom-045,2058,1,1,1,1,1,0
tworoom,ap-anchor-transport-tworoom-046,3085,0,0,0,0,0,0
tworoom,ap-anchor-transport-tworoom-047,8357,0,0,0,0,0,0
tworoom,ap-anchor-transport-tworoom-048,3080,1,1,1,1,1,1
tworoom,ap-anchor-transport-tworoom-049,6618,1,1,1,1,1,1
tworoom,ap-anchor-transport-tworoom-050,9070,1,1,1,1,1,1
tworoom,ap-anchor-transport-tworoom-051,4147,0,0,1,0,0,0
tworoom,ap-anchor-transport-tworoom-052,1244,0,0,0,0,0,0
tworoom,ap-anchor-transport-tworoom-053,8212,1,1,1,0,1,0
tworoom,ap-anchor-transport-tworoom-054,8254,1,1,1,1,1,0
tworoom,ap-anchor-transport-tworoom-055,8280,0,0,0,0,0,0
tworoom,ap-anchor-transport-tworoom-056,1968,0,0,0,0,0,0
tworoom,ap-anchor-transport-tworoom-057,7912,0,0,0,0,0,0
tworoom,ap-anchor-transport-tworoom-058,7945,0,0,0,0,0,0
tworoom,ap-anchor-transport-tworoom-059,9065,0,1,0,1,1,0
tworoom,ap-anchor-transport-tworoom-060,2728,1,0,0,0,0,0
tworoom,ap-anchor-transport-tworoom-061,3830,0,0,0,0,0,0
tworoom,ap-anchor-transport-tworoom-062,2570,1,0,0,1,0,1
tworoom,ap-anchor-transport-tworoom-063,5378,0,0,0,0,0,0
tworoom,ap-anchor-transport-tworoom-064,1870,1,1,1,1,1,1
tworoom,ap-anchor-transport-tworoom-065,3585,0,0,0,0,0,0
tworoom,ap-anchor-transport-tworoom-066,7307,0,0,0,0,1,0
tworoom,ap-anchor-transport-tworoom-067,3727,0,1,0,0,0,0
tworoom,ap-anchor-transport-tworoom-068,1593,1,1,1,1,1,1
tworoom,ap-anchor-transport-tworoom-069,4524,0,0,0,0,0,0
tworoom,ap-anchor-transport-tworoom-070,7251,1,0,0,0,0,0
tworoom,ap-anchor-transport-tworoom-071,7656,1,0,1,1,0,0
tworoom,ap-anchor-transport-tworoom-072,6093,0,0,0,1,1,0
tworoom,ap-anchor-transport-tworoom-073,7123,0,0,0,0,0,0
tworoom,ap-anchor-transport-tworoom-074,424,0,0,0,0,0,0
tworoom,ap-anchor-transport-tworoom-075,6880,0,0,0,0,0,0
tworoom,ap-anchor-transport-tworoom-076,9261,0,0,0,0,0,0
tworoom,ap-anchor-transport-tworoom-077,1743,0,0,0,0,0,0
tworoom,ap-anchor-transport-tworoom-078,7908,1,1,0,1,1,1
tworoom,ap-anchor-transport-tworoom-079,977,0,1,0,0,0,0
tworoom,ap-anchor-transport-tworoom-080,2751,0,0,1,0,0,0
tworoom,ap-anchor-transport-tworoom-081,8343,1,1,1,1,1,1
tworoom,ap-anchor-transport-tworoom-082,6667,0,0,0,0,0,0
tworoom,ap-anchor-transport-tworoom-083,7236,1,0,1,0,1,0
tworoom,ap-anchor-transport-tworoom-084,8023,1,1,1,0,0,0
tworoom,ap-anchor-transport-tworoom-085,2381,0,0,0,1,1,0
tworoom,ap-anchor-transport-tworoom-086,5724,0,0,0,0,0,0
tworoom,ap-anchor-transport-tworoom-087,9050,1,1,1,1,0,1
tworoom,ap-anchor-transport-tworoom-088,1535,0,0,0,0,0,0
tworoom,ap-anchor-transport-tworoom-089,5163,1,1,1,1,1,1
tworoom,ap-anchor-transport-tworoom-090,2911,0,0,0,0,0,0
tworoom,ap-anchor-transport-tworoom-091,5817,1,0,1,1,1,1
tworoom,ap-anchor-transport-tworoom-092,6774,0,0,0,0,0,0
tworoom,ap-anchor-transport-tworoom-093,1659,0,0,1,0,1,0
tworoom,ap-anchor-transport-tworoom-094,2910,0,0,0,0,0,0
tworoom,ap-anchor-transport-tworoom-095,9414,0,0,0,0,0,0
tworoom,ap-anchor-transport-tworoom-096,7555,1,0,1,0,0,1
tworoom,ap-anchor-transport-tworoom-097,6273,1,1,1,1,1,0
tworoom,ap-anchor-transport-tworoom-098,6260,0,0,0,0,0,0
tworoom,ap-anchor-transport-tworoom-099,8597,1,1,1,1,1,1
tworoom,ap-anchor-transport-tworoom-100,7364,0,0,0,0,0,0
tworoom,ap-anchor-transport-tworoom-101,9618,0,0,1,0,0,0
tworoom,ap-anchor-transport-tworoom-102,4261,0,0,0,0,0,0
tworoom,ap-anchor-transport-tworoom-103,4528,0,0,0,0,0,0
tworoom,ap-anchor-transport-tworoom-104,1265,1,1,1,1,1,1
tworoom,ap-anchor-transport-tworoom-105,9735,1,0,1,0,1,0
tworoom,ap-anchor-transport-tworoom-106,2542,0,0,0,0,0,0
tworoom,ap-anchor-transport-tworoom-107,666,0,0,0,0,0,0
tworoom,ap-anchor-transport-tworoom-108,7919,1,0,0,0,0,0
tworoom,ap-anchor-transport-tworoom-109,561,1,0,0,1,1,0
tworoom,ap-anchor-transport-tworoom-110,8960,1,1,1,0,1,1
tworoom,ap-anchor-transport-tworoom-111,6040,0,1,0,0,0,0
tworoom,ap-anchor-transport-tworoom-112,9436,1,1,1,1,1,1
tworoom,ap-anchor-transport-tworoom-113,7801,1,1,1,1,1,1
tworoom,ap-anchor-transport-tworoom-114,5629,0,0,0,0,0,0
tworoom,ap-anchor-transport-tworoom-115,2753,1,0,1,0,1,0
tworoom,ap-anchor-transport-tworoom-116,8190,0,0,0,0,0,0
tworoom,ap-anchor-transport-tworoom-117,817,0,0,0,0,0,0
tworoom,ap-anchor-transport-tworoom-118,4160,0,0,0,0,0,0
tworoom,ap-anchor-transport-tworoom-119,4690,0,0,0,0,0,0
tworoom,ap-anchor-transport-tworoom-120,4218,0,0,1,0,0,0
tworoom,ap-anchor-transport-tworoom-121,2050,1,1,1,1,0,1
tworoom,ap-anchor-transport-tworoom-122,3396,1,1,1,1,1,1
tworoom,ap-anchor-transport-tworoom-123,1833,0,0,1,0,0,0
tworoom,ap-anchor-transport-tworoom-124,7723,0,0,0,0,0,0
tworoom,ap-anchor-transport-tworoom-125,7762,0,0,0,0,0,0
tworoom,ap-anchor-transport-tworoom-126,8364,0,0,0,0,0,0
tworoom,ap-anchor-transport-tworoom-127,8301,1,1,1,0,1,1
