kind,task,start,complete,completed,expected,success_percent,mean_pred_blocks,mean_steps,config_B,config_H,config_arm,config_iterations,config_default,config_memory_fraction,config_target_L,config_key,config_span
horizon,cube,Standard,true,128,128,8.59375,166326.015625,92.2109375,100,100,cem_final,30,,,,,
horizon,cube,Perturbed,true,256,256,8.984375,165341.421875,91.72265625,100,100,cem_final,30,,,,,
horizon,cube,Perturbed 1,true,128,128,9.375,164778.796875,91.3984375,100,100,cem_final,30,,,,,
horizon,cube,Perturbed 2,true,128,128,8.59375,165904.046875,92.046875,100,100,cem_final,30,,,,,
horizon,cube,Standard,true,128,128,55.46875,112665.65625,61.5859375,100,100,cem_learned,30,,,,,
horizon,cube,Perturbed,true,256,256,34.765625,137878.2890625,75.93359375,100,100,cem_learned,30,,,,,
horizon,cube,Perturbed 1,true,128,128,35.9375,136506.890625,75.1328125,100,100,cem_learned,30,,,,,
horizon,cube,Perturbed 2,true,128,128,33.59375,139249.6875,76.734375,100,100,cem_learned,30,,,,,
horizon,cube,Standard,true,128,128,32.03125,138898.046875,76.5703125,100,100,cem_observed,30,,,,,
horizon,cube,Perturbed,true,256,256,25.390625,147126.4375,81.203125,100,100,cem_observed,30,,,,,
horizon,cube,Perturbed 1,true,128,128,22.65625,150220.875,83.015625,100,100,cem_observed,30,,,,,
horizon,cube,Perturbed 2,true,128,128,28.125,144032,79.390625,100,100,cem_observed,30,,,,,
horizon,cube,Standard,true,128,128,18.75,155742.1875,85.6328125,100,100,lewm,30,,,,,
horizon,cube,Perturbed,true,256,256,13.28125,162773.4375,89.95703125,100,100,lewm,30,,,,,
horizon,cube,Perturbed 1,true,128,128,10.9375,164882.8125,91.359375,100,100,lewm,30,,,,,
horizon,cube,Perturbed 2,true,128,128,15.625,160664.0625,88.5546875,100,100,lewm,30,,,,,
horizon,cube,Standard,true,128,128,59.375,92.625,56.859375,100,100,rank_final,30,,,,,
horizon,cube,Perturbed,true,256,256,34.765625,120.625,74.75,100,100,rank_final,30,,,,,
horizon,cube,Perturbed 1,true,128,128,32.03125,123.5,76.5859375,100,100,rank_final,30,,,,,
horizon,cube,Perturbed 2,true,128,128,37.5,117.75,72.9140625,100,100,rank_final,30,,,,,
horizon,cube,Standard,true,128,128,78.90625,89.9375,54.5546875,100,100,rank_learned,30,,,,,
horizon,cube,Perturbed,true,256,256,43.75,119.40625,73.84765625,100,100,rank_learned,30,,,,,
horizon,cube,Perturbed 1,true,128,128,43.75,117.4375,72.640625,100,100,rank_learned,30,,,,,
horizon,cube,Perturbed 2,true,128,128,43.75,121.375,75.0546875,100,100,rank_learned,30,,,,,
horizon,cube,Standard,true,128,128,64.84375,99.25,60.7734375,100,100,rank_observed,30,,,,,
horizon,cube,Perturbed,true,256,256,37.109375,126.09375,78.125,100,100,rank_observed,30,,,,,
horizon,cube,Perturbed 1,true,128,128,35.9375,126.0625,78.1171875,100,100,rank_observed,30,,,,,
horizon,cube,Perturbed 2,true,128,128,38.28125,126.125,78.1328125,100,100,rank_observed,30,,,,,
horizon,pusht,Standard,true,128,128,6.25,171108.328125,94.96875,100,50,cem_final,30,,,,,
horizon,pusht,Perturbed,true,256,256,8.984375,167591.921875,92.96484375,100,50,cem_final,30,,,,,
horizon,pusht,Perturbed 1,true,128,128,9.375,166466.671875,92.3359375,100,50,cem_final,30,,,,,
horizon,pusht,Perturbed 2,true,128,128,8.59375,168717.171875,93.59375,100,50,cem_final,30,,,,,
horizon,reacher,Standard,true,128,128,57.03125,91145.25,49.6640625,100,50,cem_final,30,,,,,
horizon,reacher,Perturbed,true,256,256,52.34375,100780.203125,54.93359375,100,50,cem_final,30,,,,,
horizon,reacher,Perturbed 1,true,128,128,50,104437.265625,57.0078125,100,50,cem_final,30,,,,,
horizon,reacher,Perturbed 2,true,128,128,54.6875,97123.140625,52.859375,100,50,cem_final,30,,,,,
horizon,tworoom,Standard,true,128,128,5.46875,171108.328125,94.9296875,100,50,cem_final,30,,,,,
horizon,tworoom,Perturbed,true,256,256,6.640625,169420.453125,94.0078125,100,50,cem_final,30,,,,,
horizon,tworoom,Perturbed 1,true,128,128,6.25,170334.71875,94.5,100,50,cem_final,30,,,,,
horizon,tworoom,Perturbed 2,true,128,128,7.03125,168506.1875,93.515625,100,50,cem_final,30,,,,,
horizon,pusht,Standard,true,128,128,76.5625,112946.96875,61.2578125,100,50,cem_learned,30,,,,,
horizon,pusht,Perturbed,true,256,256,63.671875,126309.3125,68.88671875,100,50,cem_learned,30,,,,,
horizon,pusht,Perturbed 1,true,128,128,64.84375,125184.0625,68.2734375,100,50,cem_learned,30,,,,,
horizon,pusht,Perturbed 2,true,128,128,62.5,127434.5625,69.5,100,50,cem_learned,30,,,,,
horizon,reacher,Standard,true,128,128,53.125,127504.890625,70.0078125,100,50,cem_learned,30,,,,,
horizon,reacher,Perturbed,true,256,256,53.515625,129263.09375,70.79296875,100,50,cem_learned,30,,,,,
horizon,reacher,Perturbed 1,true,128,128,51.5625,132005.890625,72.328125,100,50,cem_learned,30,,,,,
horizon,reacher,Perturbed 2,true,128,128,55.46875,126520.296875,69.2578125,100,50,cem_learned,30,,,,,
horizon,tworoom,Standard,true,128,128,94.53125,79119.140625,42.078125,100,50,cem_learned,30,,,,,
horizon,tworoom,Perturbed,true,256,256,94.140625,77923.5625,41.42578125,100,50,cem_learned,30,,,,,
horizon,tworoom,Perturbed 1,true,128,128,93.75,79048.8125,42.03125,100,50,cem_learned,30,,,,,
horizon,tworoom,Perturbed 2,true,128,128,94.53125,76798.3125,40.8203125,100,50,cem_learned,30,,,,,
horizon,pusht,Standard,true,128,128,82.03125,106476.78125,58.078125,100,50,cem_observed,30,,,,,
horizon,pusht,Perturbed,true,256,256,81.640625,106828.421875,58.265625,100,50,cem_observed,30,,,,,
horizon,pusht,Perturbed 1,true,128,128,80.46875,107602.03125,58.765625,100,50,cem_observed,30,,,,,
horizon,pusht,Perturbed 2,true,128,128,82.8125,106054.8125,57.765625,100,50,cem_observed,30,,,,,
horizon,reacher,Standard,true,128,128,81.25,107180.0625,58.21875,100,50,cem_observed,30,,,,,
horizon,reacher,Perturbed,true,256,256,76.171875,110379.9921875,60,100,50,cem_observed,30,,,,,
horizon,reacher,Perturbed 1,true,128,128,78.90625,104437.265625,56.5859375,100,50,cem_observed,30,,,,,
horizon,reacher,Perturbed 2,true,128,128,73.4375,116322.71875,63.4140625,100,50,cem_observed,30,,,,,
horizon,tworoom,Standard,true,128,128,72.65625,104788.90625,56.734375,100,50,cem_observed,30,,,,,
horizon,tworoom,Perturbed,true,256,256,73.828125,101167.0078125,54.734375,100,50,cem_observed,30,,,,,
horizon,tworoom,Perturbed 1,true,128,128,70.3125,106195.46875,57.5859375,100,50,cem_observed,30,,,,,
horizon,tworoom,Perturbed 2,true,128,128,77.34375,96138.546875,51.8828125,100,50,cem_observed,30,,,,,
horizon,pusht,Standard,true,128,128,22.65625,158906.25,87.328125,100,50,lewm,30,,,,,
horizon,pusht,Perturbed,true,256,256,21.875,159609.375,87.7578125,100,50,lewm,30,,,,,
horizon,pusht,Perturbed 1,true,128,128,20.3125,161718.75,89,100,50,lewm,30,,,,,
horizon,pusht,Perturbed 2,true,128,128,23.4375,157500,86.515625,100,50,lewm,30,,,,,
horizon,reacher,Standard,true,128,128,95.3125,85429.6875,40.375,100,50,lewm,30,,,,,
horizon,reacher,Perturbed,true,256,256,92.578125,94921.875,43.6640625,100,50,lewm,30,,,,,
horizon,reacher,Perturbed 1,true,128,128,92.1875,94218.75,43.375,100,50,lewm,30,,,,,
horizon,reacher,Perturbed 2,true,128,128,92.96875,95625,43.953125,100,50,lewm,30,,,,,
horizon,tworoom,Standard,true,128,128,36.71875,135351.5625,72.375,100,50,lewm,30,,,,,
horizon,tworoom,Perturbed,true,256,256,35.546875,136933.59375,73.41796875,100,50,lewm,30,,,,,
horizon,tworoom,Perturbed 1,true,128,128,32.8125,139921.875,75.4140625,100,50,lewm,30,,,,,
horizon,tworoom,Perturbed 2,true,128,128,38.28125,133945.3125,71.421875,100,50,lewm,30,,,,,
horizon,pusht,Standard,true,128,128,67.1875,104.0625,63.6875,100,50,rank_final,30,,,,,
horizon,pusht,Perturbed,true,256,256,36.71875,128.875,79.90234375,100,50,rank_final,30,,,,,
horizon,pusht,Perturbed 1,true,128,128,38.28125,127.75,79.1328125,100,50,rank_final,30,,,,,
horizon,pusht,Perturbed 2,true,128,128,35.15625,130,80.671875,100,50,rank_final,30,,,,,
horizon,reacher,Standard,true,128,128,97.65625,52.3125,30.765625,100,50,rank_final,30,,,,,
horizon,reacher,Perturbed,true,256,256,97.65625,51.6875,30.4296875,100,50,rank_final,30,,,,,
horizon,reacher,Perturbed 1,true,128,128,97.65625,52.875,31.15625,100,50,rank_final,30,,,,,
horizon,reacher,Perturbed 2,true,128,128,97.65625,50.5,29.703125,100,50,rank_final,30,,,,,
horizon,tworoom,Standard,true,128,128,94.53125,67.4375,40.34375,100,50,rank_final,30,,,,,
horizon,tworoom,Perturbed,true,256,256,94.140625,64.625,38.54296875,100,50,rank_final,30,,,,,
horizon,tworoom,Perturbed 1,true,128,128,92.1875,66.75,39.859375,100,50,rank_final,30,,,,,
horizon,tworoom,Perturbed 2,true,128,128,96.09375,62.5,37.2265625,100,50,rank_final,30,,,,,
horizon,pusht,Standard,true,128,128,81.25,96.3125,58.890625,100,50,rank_learned,30,,,,,
horizon,pusht,Perturbed,true,256,256,48.4375,122.09375,75.453125,100,50,rank_learned,30,,,,,
horizon,pusht,Perturbed 1,true,128,128,47.65625,123,76.1015625,100,50,rank_learned,30,,,,,
horizon,pusht,Perturbed 2,true,128,128,49.21875,121.1875,74.8046875,100,50,rank_learned,30,,,,,
horizon,reacher,Standard,true,128,128,94.53125,80.6875,48.546875,100,50,rank_learned,30,,,,,
horizon,reacher,Perturbed,true,256,256,93.75,82.90625,49.828125,100,50,rank_learned,30,,,,,
horizon,reacher,Perturbed 1,true,128,128,95.3125,80.875,48.515625,100,50,rank_learned,30,,,,,
horizon,reacher,Perturbed 2,true,128,128,92.1875,84.9375,51.140625,100,50,rank_learned,30,,,,,
horizon,tworoom,Standard,true,128,128,100,63,37.171875,100,50,rank_learned,30,,,,,
horizon,tworoom,Perturbed,true,256,256,99.609375,61.875,36.60546875,100,50,rank_learned,30,,,,,
horizon,tworoom,Perturbed 1,true,128,128,100,60.9375,36.0546875,100,50,rank_learned,30,,,,,
horizon,tworoom,Perturbed 2,true,128,128,99.21875,62.8125,37.15625,100,50,rank_learned,30,,,,,
horizon,pusht,Standard,true,128,128,84.375,93.0625,56.8984375,100,50,rank_observed,30,,,,,
horizon,pusht,Perturbed,true,256,256,55.859375,117.3125,72.49609375,100,50,rank_observed,30,,,,,
horizon,pusht,Perturbed 1,true,128,128,59.375,115.125,71.140625,100,50,rank_observed,30,,,,,
horizon,pusht,Perturbed 2,true,128,128,52.34375,119.5,73.8515625,100,50,rank_observed,30,,,,,
horizon,reacher,Standard,true,128,128,97.65625,85.9375,51.9765625,100,50,rank_observed,30,,,,,
horizon,reacher,Perturbed,true,256,256,96.484375,85.125,51.40234375,100,50,rank_observed,30,,,,,
horizon,reacher,Perturbed 1,true,128,128,95.3125,82.9375,50.125,100,50,rank_observed,30,,,,,
horizon,reacher,Perturbed 2,true,128,128,97.65625,87.3125,52.6796875,100,50,rank_observed,30,,,,,
horizon,tworoom,Standard,true,128,128,100,61.75,36.53125,100,50,rank_observed,30,,,,,
horizon,tworoom,Perturbed,true,256,256,100,60.96875,36.0859375,100,50,rank_observed,30,,,,,
horizon,tworoom,Perturbed 1,true,128,128,100,60.9375,36.1875,100,50,rank_observed,30,,,,,
horizon,tworoom,Perturbed 2,true,128,128,100,61,35.984375,100,50,rank_observed,30,,,,,
horizon,cube,Standard,true,128,128,7.03125,252618.625,140.1953125,150,150,cem_final,30,,,,,
horizon,cube,Perturbed,true,256,256,2.734375,263167.84375,146.1328125,150,150,cem_final,30,,,,,
horizon,cube,Perturbed 1,true,128,128,2.34375,264082.109375,146.6484375,150,150,cem_final,30,,,,,
horizon,cube,Perturbed 2,true,128,128,3.125,262253.578125,145.6171875,150,150,cem_final,30,,,,,
horizon,cube,Standard,true,128,128,62.5,142273.796875,77.9140625,150,150,cem_learned,30,,,,,
horizon,cube,Perturbed,true,256,256,38.671875,191538.6484375,105.65234375,150,150,cem_learned,30,,,,,
horizon,cube,Perturbed 1,true,128,128,37.5,194597.921875,107.4140625,150,150,cem_learned,30,,,,,
horizon,cube,Perturbed 2,true,128,128,39.84375,188479.375,103.890625,150,150,cem_learned,30,,,,,
horizon,cube,Standard,true,128,128,46.875,170264.390625,93.59375,150,150,cem_observed,30,,,,,
horizon,cube,Perturbed,true,256,256,29.6875,206835.015625,114.28515625,150,150,cem_observed,30,,,,,
horizon,cube,Perturbed 1,true,128,128,29.6875,207538.296875,114.640625,150,150,cem_observed,30,,,,,
horizon,cube,Perturbed 2,true,128,128,29.6875,206131.734375,113.9296875,150,150,cem_observed,30,,,,,
horizon,cube,Standard,true,128,128,15.625,235195.3125,128.8515625,150,150,lewm,30,,,,,
horizon,cube,Perturbed,true,256,256,12.5,241875,133.15625,150,150,lewm,30,,,,,
horizon,cube,Perturbed 1,true,128,128,11.71875,243632.8125,134.2265625,150,150,lewm,30,,,,,
horizon,cube,Perturbed 2,true,128,128,13.28125,240117.1875,132.0859375,150,150,lewm,30,,,,,
horizon,cube,Standard,true,128,128,62.5,119.1875,73.1796875,150,150,rank_final,30,,,,,
horizon,cube,Perturbed,true,256,256,41.796875,157.96875,97.9453125,150,150,rank_final,30,,,,,
horizon,cube,Perturbed 1,true,128,128,39.84375,162.375,100.6640625,150,150,rank_final,30,,,,,
horizon,cube,Perturbed 2,true,128,128,43.75,153.5625,95.2265625,150,150,rank_final,30,,,,,
horizon,cube,Standard,true,128,128,91.40625,79.3125,47.734375,150,150,rank_learned,30,,,,,
horizon,cube,Perturbed,true,256,256,50,149.53125,92.40234375,150,150,rank_learned,30,,,,,
horizon,cube,Perturbed 1,true,128,128,50.78125,149,92.03125,150,150,rank_learned,30,,,,,
horizon,cube,Perturbed 2,true,128,128,49.21875,150.0625,92.7734375,150,150,rank_learned,30,,,,,
horizon,cube,Standard,true,128,128,73.4375,104.9375,63.953125,150,150,rank_observed,30,,,,,
horizon,cube,Perturbed,true,256,256,45.703125,154.6875,95.9375,150,150,rank_observed,30,,,,,
horizon,cube,Perturbed 1,true,128,128,43.75,158.375,98.2890625,150,150,rank_observed,30,,,,,
horizon,cube,Perturbed 2,true,128,128,47.65625,151,93.5859375,150,150,rank_observed,30,,,,,
horizon,pusht,Standard,true,128,128,3.90625,346928.640625,192.671875,200,100,cem_final,30,,,,,
horizon,pusht,Perturbed,true,256,256,4.296875,346084.703125,192.1796875,200,100,cem_final,30,,,,,
horizon,pusht,Perturbed 1,true,128,128,3.90625,347209.953125,192.8125,200,100,cem_final,30,,,,,
horizon,pusht,Perturbed 2,true,128,128,4.6875,344959.453125,191.546875,200,100,cem_final,30,,,,,
horizon,reacher,Standard,true,128,128,35.15625,245656.140625,135.828125,200,100,cem_final,30,,,,,
horizon,reacher,Perturbed,true,256,256,35.15625,242948.5078125,134.265625,200,100,cem_final,30,,,,,
horizon,reacher,Perturbed 1,true,128,128,35.9375,240170.546875,132.6953125,200,100,cem_final,30,,,,,
horizon,reacher,Perturbed 2,true,128,128,34.375,245726.46875,135.8359375,200,100,cem_final,30,,,,,
horizon,tworoom,Standard,true,128,128,1.5625,354946.046875,197.1328125,200,100,cem_final,30,,,,,
horizon,tworoom,Perturbed,true,256,256,1.5625,354946.046875,197.13671875,200,100,cem_final,30,,,,,
horizon,tworoom,Perturbed 1,true,128,128,1.5625,355016.375,197.1875,200,100,cem_final,30,,,,,
horizon,tworoom,Perturbed 2,true,128,128,1.5625,354875.71875,197.0859375,200,100,cem_final,30,,,,,
horizon,pusht,Standard,true,128,128,57.03125,268794.09375,148.171875,200,100,cem_learned,30,,,,,
horizon,pusht,Perturbed,true,256,256,48.4375,277760.9296875,153.3359375,200,100,cem_learned,30,,,,,
horizon,pusht,Perturbed 1,true,128,128,53.125,269708.359375,148.734375,200,100,cem_learned,30,,,,,
horizon,pusht,Perturbed 2,true,128,128,43.75,285813.5,157.9375,200,100,cem_learned,30,,,,,
horizon,reacher,Standard,true,128,128,48.4375,273787.390625,151.1875,200,100,cem_learned,30,,,,,
horizon,reacher,Perturbed,true,256,256,52.34375,267035.890625,147.3125,200,100,cem_learned,30,,,,,
horizon,reacher,Perturbed 1,true,128,128,52.34375,266332.609375,146.9453125,200,100,cem_learned,30,,,,,
horizon,reacher,Perturbed 2,true,128,128,52.34375,267739.171875,147.6796875,200,100,cem_learned,30,,,,,
horizon,tworoom,Standard,true,128,128,53.125,250649.4375,138.3046875,200,100,cem_learned,30,,,,,
horizon,tworoom,Perturbed,true,256,256,55.078125,247941.8046875,136.796875,200,100,cem_learned,30,,,,,
horizon,tworoom,Perturbed 1,true,128,128,53.90625,249805.5,137.875,200,100,cem_learned,30,,,,,
horizon,tworoom,Perturbed 2,true,128,128,56.25,246078.109375,135.71875,200,100,cem_learned,30,,,,,
horizon,pusht,Standard,true,128,128,77.34375,221041.296875,121.6640625,200,100,cem_observed,30,,,,,
horizon,pusht,Perturbed,true,256,256,73.828125,227757.6328125,125.3359375,200,100,cem_observed,30,,,,,
horizon,pusht,Perturbed 1,true,128,128,73.4375,228003.78125,125.5,200,100,cem_observed,30,,,,,
horizon,pusht,Perturbed 2,true,128,128,74.21875,227511.484375,125.171875,200,100,cem_observed,30,,,,,
horizon,reacher,Standard,true,128,128,84.375,206553.703125,113.2734375,200,100,cem_observed,30,,,,,
horizon,reacher,Perturbed,true,256,256,76.5625,219283.09375,120.4140625,200,100,cem_observed,30,,,,,
horizon,reacher,Perturbed 1,true,128,128,74.21875,227300.5,124.90625,200,100,cem_observed,30,,,,,
horizon,reacher,Perturbed 2,true,128,128,78.90625,211265.6875,115.921875,200,100,cem_observed,30,,,,,
horizon,tworoom,Standard,true,128,128,46.875,262605.21875,145.0703125,200,100,cem_observed,30,,,,,
horizon,tworoom,Perturbed,true,256,256,46.875,265066.703125,146.44921875,200,100,cem_observed,30,,,,,
horizon,tworoom,Perturbed 1,true,128,128,44.53125,270974.265625,149.78125,200,100,cem_observed,30,,,,,
horizon,tworoom,Perturbed 2,true,128,128,49.21875,259159.140625,143.1171875,200,100,cem_observed,30,,,,,
horizon,pusht,Standard,true,128,128,10.9375,333281.25,184.4921875,200,100,lewm,30,,,,,
horizon,pusht,Perturbed,true,256,256,9.375,336972.65625,186.734375,200,100,lewm,30,,,,,
horizon,pusht,Perturbed 1,true,128,128,8.59375,337148.4375,187,200,100,lewm,30,,,,,
horizon,pusht,Perturbed 2,true,128,128,10.15625,336796.875,186.46875,200,100,lewm,30,,,,,
horizon,reacher,Standard,true,128,128,83.59375,144843.75,73.109375,200,100,lewm,30,,,,,
horizon,reacher,Perturbed,true,256,256,82.03125,154160.15625,76.42578125,200,100,lewm,30,,,,,
horizon,reacher,Perturbed 1,true,128,128,82.03125,153281.25,75.7890625,200,100,lewm,30,,,,,
horizon,reacher,Perturbed 2,true,128,128,82.03125,155039.0625,77.0625,200,100,lewm,30,,,,,
horizon,tworoom,Standard,true,128,128,17.1875,320976.5625,176.859375,200,100,lewm,30,,,,,
horizon,tworoom,Perturbed,true,256,256,16.796875,321503.90625,177.33203125,200,100,lewm,30,,,,,
horizon,tworoom,Perturbed 1,true,128,128,14.0625,328359.375,181.015625,200,100,lewm,30,,,,,
horizon,tworoom,Perturbed 2,true,128,128,19.53125,314648.4375,173.6484375,200,100,lewm,30,,,,,
horizon,pusht,Standard,true,128,128,26.5625,274.5625,171.09375,200,100,rank_final,30,,,,,
horizon,pusht,Perturbed,true,256,256,14.0625,296.4375,184.9921875,200,100,rank_final,30,,,,,
horizon,pusht,Perturbed 1,true,128,128,12.5,298.5625,186.375,200,100,rank_final,30,,,,,
horizon,pusht,Perturbed 2,true,128,128,15.625,294.3125,183.609375,200,100,rank_final,30,,,,,
horizon,reacher,Standard,true,128,128,95.3125,118.1875,72.0625,200,100,rank_final,30,,,,,
horizon,reacher,Perturbed,true,256,256,94.921875,122.90625,75.01953125,200,100,rank_final,30,,,,,
horizon,reacher,Perturbed 1,true,128,128,94.53125,124.8125,76.3828125,200,100,rank_final,30,,,,,
horizon,reacher,Perturbed 2,true,128,128,95.3125,121,73.65625,200,100,rank_final,30,,,,,
horizon,tworoom,Standard,true,128,128,89.0625,154.8125,95.078125,200,100,rank_final,30,,,,,
horizon,tworoom,Perturbed,true,256,256,88.671875,159.375,97.734375,200,100,rank_final,30,,,,,
horizon,tworoom,Perturbed 1,true,128,128,85.15625,164.125,100.796875,200,100,rank_final,30,,,,,
horizon,tworoom,Perturbed 2,true,128,128,92.1875,154.625,94.671875,200,100,rank_final,30,,,,,
horizon,pusht,Standard,true,128,128,64.0625,222.1875,137.625,200,100,rank_learned,30,,,,,
horizon,pusht,Perturbed,true,256,256,38.671875,262.09375,163.0546875,200,100,rank_learned,30,,,,,
horizon,pusht,Perturbed 1,true,128,128,38.28125,263,163.6171875,200,100,rank_learned,30,,,,,
horizon,pusht,Perturbed 2,true,128,128,39.0625,261.1875,162.4921875,200,100,rank_learned,30,,,,,
horizon,reacher,Standard,true,128,128,97.65625,159.5625,97.46875,200,100,rank_learned,30,,,,,
horizon,reacher,Perturbed,true,256,256,96.875,163.40625,100.22265625,200,100,rank_learned,30,,,,,
horizon,reacher,Perturbed 1,true,128,128,97.65625,162.125,99.3203125,200,100,rank_learned,30,,,,,
horizon,reacher,Perturbed 2,true,128,128,96.09375,164.6875,101.125,200,100,rank_learned,30,,,,,
horizon,tworoom,Standard,true,128,128,96.875,144.875,88.4765625,200,100,rank_learned,30,,,,,
horizon,tworoom,Perturbed,true,256,256,98.4375,141.6875,86.484375,200,100,rank_learned,30,,,,,
horizon,tworoom,Perturbed 1,true,128,128,98.4375,142.625,87.015625,200,100,rank_learned,30,,,,,
horizon,tworoom,Perturbed 2,true,128,128,98.4375,140.75,85.953125,200,100,rank_learned,30,,,,,
horizon,pusht,Standard,true,128,128,71.09375,205.9375,127.5703125,200,100,rank_observed,30,,,,,
horizon,pusht,Perturbed,true,256,256,46.875,247.15625,153.6875,200,100,rank_observed,30,,,,,
horizon,pusht,Perturbed 1,true,128,128,45.3125,251.75,156.4609375,200,100,rank_observed,30,,,,,
horizon,pusht,Perturbed 2,true,128,128,48.4375,242.5625,150.9140625,200,100,rank_observed,30,,,,,
horizon,reacher,Standard,true,128,128,97.65625,160.6875,98.5703125,200,100,rank_observed,30,,,,,
horizon,reacher,Perturbed,true,256,256,96.09375,165.125,101.3515625,200,100,rank_observed,30,,,,,
horizon,reacher,Perturbed 1,true,128,128,94.53125,170.875,104.8828125,200,100,rank_observed,30,,,,,
horizon,reacher,Perturbed 2,true,128,128,97.65625,159.375,97.8203125,200,100,rank_observed,30,,,,,
horizon,tworoom,Standard,true,128,128,98.4375,138.125,84.171875,200,100,rank_observed,30,,,,,
horizon,tworoom,Perturbed,true,256,256,100,135.53125,82.5703125,200,100,rank_observed,30,,,,,
horizon,tworoom,Perturbed 1,true,128,128,100,136.125,83.0234375,200,100,rank_observed,30,,,,,
horizon,tworoom,Perturbed 2,true,128,128,100,134.9375,82.1171875,200,100,rank_observed,30,,,,,
horizon,cube,Standard,true,128,128,28.90625,34038.8125,18.703125,25,25,cem_final,30,,,,,
horizon,cube,Perturbed,true,256,256,26.171875,34777.2578125,19.19140625,25,25,cem_final,30,,,,,
horizon,cube,Perturbed 1,true,128,128,25.78125,34882.75,19.2578125,25,25,cem_final,30,,,,,
horizon,cube,Perturbed 2,true,128,128,26.5625,34671.765625,19.125,25,25,cem_final,30,,,,,
horizon,cube,Standard,true,128,128,75,34601.4375,18.34375,25,25,cem_learned,30,,,,,
horizon,cube,Perturbed,true,256,256,53.90625,34531.109375,18.6484375,25,25,cem_learned,30,,,,,
horizon,cube,Perturbed 1,true,128,128,52.34375,34742.09375,18.78125,25,25,cem_learned,30,,,,,
horizon,cube,Perturbed 2,true,128,128,55.46875,34320.125,18.515625,25,25,cem_learned,30,,,,,
horizon,cube,Standard,true,128,128,63.28125,34812.421875,18.625,25,25,cem_observed,30,,,,,
horizon,cube,Perturbed,true,256,256,49.609375,35410.2109375,19.203125,25,25,cem_observed,30,,,,,
horizon,cube,Perturbed 1,true,128,128,47.65625,35726.6875,19.375,25,25,cem_observed,30,,,,,
horizon,cube,Perturbed 2,true,128,128,51.5625,35093.734375,19.03125,25,25,cem_observed,30,,,,,
horizon,cube,Standard,true,128,128,32.03125,36210.9375,19.4140625,25,25,lewm,30,,,,,
horizon,cube,Perturbed,true,256,256,33.59375,36210.9375,19.55078125,25,25,lewm,30,,,,,
horizon,cube,Perturbed 1,true,128,128,34.375,36210.9375,19.5859375,25,25,lewm,30,,,,,
horizon,cube,Perturbed 2,true,128,128,32.8125,36210.9375,19.515625,25,25,lewm,30,,,,,
horizon,cube,Standard,true,128,128,92.1875,28.0625,16.1484375,25,25,rank_final,30,,,,,
horizon,cube,Perturbed,true,256,256,60.9375,29.71875,17.90625,25,25,rank_final,30,,,,,
horizon,cube,Perturbed 1,true,128,128,59.375,30.0625,18.1171875,25,25,rank_final,30,,,,,
horizon,cube,Perturbed 2,true,128,128,62.5,29.375,17.6953125,25,25,rank_final,30,,,,,
horizon,cube,Standard,true,128,128,88.28125,30.3125,17.9453125,25,25,rank_learned,30,,,,,
horizon,cube,Perturbed,true,256,256,57.8125,31,18.69140625,25,25,rank_learned,30,,,,,
horizon,cube,Perturbed 1,true,128,128,56.25,31.3125,18.8671875,25,25,rank_learned,30,,,,,
horizon,cube,Perturbed 2,true,128,128,59.375,30.6875,18.515625,25,25,rank_learned,30,,,,,
horizon,cube,Standard,true,128,128,92.1875,30.3125,17.9453125,25,25,rank_observed,30,,,,,
horizon,cube,Perturbed,true,256,256,58.984375,31,18.76953125,25,25,rank_observed,30,,,,,
horizon,cube,Perturbed 1,true,128,128,57.8125,31.25,18.9296875,25,25,rank_observed,30,,,,,
horizon,cube,Perturbed 2,true,128,128,60.15625,30.75,18.609375,25,25,rank_observed,30,,,,,
horizon,pusht,Standard,true,128,128,2.34375,493562.78125,274.1171875,280,140,cem_final,30,,,,,
horizon,pusht,Perturbed,true,256,256,2.734375,491101.296875,272.7265625,280,140,cem_final,30,,,,,
horizon,pusht,Perturbed 1,true,128,128,2.34375,493000.15625,273.8046875,280,140,cem_final,30,,,,,
horizon,pusht,Perturbed 2,true,128,128,3.125,489202.4375,271.6484375,280,140,cem_final,30,,,,,
horizon,pusht,Standard,true,128,128,52.34375,375059.890625,207.4921875,280,140,cem_learned,30,,,,,
horizon,pusht,Perturbed,true,256,256,48.828125,387402.4765625,214.32421875,280,140,cem_learned,30,,,,,
horizon,pusht,Perturbed 1,true,128,128,48.4375,388281.578125,214.734375,280,140,cem_learned,30,,,,,
horizon,pusht,Perturbed 2,true,128,128,49.21875,386523.375,213.9140625,280,140,cem_learned,30,,,,,
horizon,pusht,Standard,true,128,128,69.53125,326111.515625,180.0859375,280,140,cem_observed,30,,,,,
horizon,pusht,Perturbed,true,256,256,64.84375,338629.921875,187.16796875,280,140,cem_observed,30,,,,,
horizon,pusht,Perturbed 1,true,128,128,64.0625,340388.125,188.078125,280,140,cem_observed,30,,,,,
horizon,pusht,Perturbed 2,true,128,128,65.625,336871.71875,186.2578125,280,140,cem_observed,30,,,,,
horizon,pusht,Standard,true,128,128,7.03125,514687.5,267.171875,280,140,lewm,30,,,,,
horizon,pusht,Perturbed,true,256,256,9.375,505371.09375,262.25390625,280,140,lewm,30,,,,,
horizon,pusht,Perturbed 1,true,128,128,8.59375,508007.8125,263.59375,280,140,lewm,30,,,,,
horizon,pusht,Perturbed 2,true,128,128,10.15625,502734.375,260.9140625,280,140,lewm,30,,,,,
horizon,pusht,Standard,true,128,128,25.78125,384.8125,240.09375,280,140,rank_final,30,,,,,
horizon,pusht,Perturbed,true,256,256,12.890625,416.34375,259.9921875,280,140,rank_final,30,,,,,
horizon,pusht,Perturbed 1,true,128,128,13.28125,415.1875,259.2890625,280,140,rank_final,30,,,,,
horizon,pusht,Perturbed 2,true,128,128,12.5,417.5,260.6953125,280,140,rank_final,30,,,,,
horizon,pusht,Standard,true,128,128,54.6875,328.25,204.1015625,280,140,rank_learned,30,,,,,
horizon,pusht,Perturbed,true,256,256,35.546875,370.03125,230.6328125,280,140,rank_learned,30,,,,,
horizon,pusht,Perturbed 1,true,128,128,34.375,370.625,231,280,140,rank_learned,30,,,,,
horizon,pusht,Perturbed 2,true,128,128,36.71875,369.4375,230.265625,280,140,rank_learned,30,,,,,
horizon,pusht,Standard,true,128,128,66.40625,300,186.4140625,280,140,rank_observed,30,,,,,
horizon,pusht,Perturbed,true,256,256,47.65625,344.25,214.34765625,280,140,rank_observed,30,,,,,
horizon,pusht,Perturbed 1,true,128,128,47.65625,344.375,214.4609375,280,140,rank_observed,30,,,,,
horizon,pusht,Perturbed 2,true,128,128,47.65625,344.125,214.234375,280,140,rank_observed,30,,,,,
horizon,reacher,Standard,true,128,128,25.78125,407762.46875,226.046875,300,150,cem_final,30,,,,,
horizon,reacher,Perturbed,true,256,256,22.65625,425309.3359375,235.8828125,300,150,cem_final,30,,,,,
horizon,reacher,Perturbed 1,true,128,128,21.875,428298.28125,237.5703125,300,150,cem_final,30,,,,,
horizon,reacher,Perturbed 2,true,128,128,23.4375,422320.390625,234.1953125,300,150,cem_final,30,,,,,
horizon,reacher,Standard,true,128,128,54.6875,393907.828125,217.9140625,300,150,cem_learned,30,,,,,
horizon,reacher,Perturbed,true,256,256,58.984375,379982.859375,210.0625,300,150,cem_learned,30,,,,,
horizon,reacher,Perturbed 1,true,128,128,57.03125,388914.53125,215.0078125,300,150,cem_learned,30,,,,,
horizon,reacher,Perturbed 2,true,128,128,60.9375,371051.1875,205.1171875,300,150,cem_learned,30,,,,,
horizon,reacher,Standard,true,128,128,75.78125,323579.703125,178.2734375,300,150,cem_observed,30,,,,,
horizon,reacher,Perturbed,true,256,256,78.90625,313171.140625,172.41015625,300,150,cem_observed,30,,,,,
horizon,reacher,Perturbed 1,true,128,128,82.8125,304380.125,167.28125,300,150,cem_observed,30,,,,,
horizon,reacher,Perturbed 2,true,128,128,75,321962.15625,177.5390625,300,150,cem_observed,30,,,,,
horizon,reacher,Standard,true,128,128,66.40625,255585.9375,136.09375,300,150,lewm,30,,,,,
horizon,reacher,Perturbed,true,256,256,68.75,244511.71875,129.01953125,300,150,lewm,30,,,,,
horizon,reacher,Perturbed 1,true,128,128,69.53125,236601.5625,124.5859375,300,150,lewm,30,,,,,
horizon,reacher,Perturbed 2,true,128,128,67.96875,252421.875,133.453125,300,150,lewm,30,,,,,
horizon,reacher,Standard,true,128,128,90.625,201.0625,123.703125,300,150,rank_final,30,,,,,
horizon,reacher,Perturbed,true,256,256,87.5,204.6875,126.3046875,300,150,rank_final,30,,,,,
horizon,reacher,Perturbed 1,true,128,128,88.28125,197.75,122.0078125,300,150,rank_final,30,,,,,
horizon,reacher,Perturbed 2,true,128,128,86.71875,211.625,130.6015625,300,150,rank_final,30,,,,,
horizon,reacher,Standard,true,128,128,95.3125,243.1875,150.1796875,300,150,rank_learned,30,,,,,
horizon,reacher,Perturbed,true,256,256,96.875,230.03125,141.84765625,300,150,rank_learned,30,,,,,
horizon,reacher,Perturbed 1,true,128,128,96.875,232,142.9453125,300,150,rank_learned,30,,,,,
horizon,reacher,Perturbed 2,true,128,128,96.875,228.0625,140.75,300,150,rank_learned,30,,,,,
horizon,reacher,Standard,true,128,128,96.875,237.25,146.515625,300,150,rank_observed,30,,,,,
horizon,reacher,Perturbed,true,256,256,95.703125,236.96875,146.3203125,300,150,rank_observed,30,,,,,
horizon,reacher,Perturbed 1,true,128,128,96.09375,236.9375,146.3125,300,150,rank_observed,30,,,,,
horizon,reacher,Perturbed 2,true,128,128,95.3125,237,146.328125,300,150,rank_observed,30,,,,,
horizon,pusht,Standard,true,128,128,51.5625,59075.625,32.21875,50,25,cem_final,30,,,,,
horizon,pusht,Perturbed,true,256,256,46.875,62205.2265625,33.96484375,50,25,cem_final,30,,,,,
horizon,pusht,Perturbed 1,true,128,128,48.4375,61607.4375,33.609375,50,25,cem_final,30,,,,,
horizon,pusht,Perturbed 2,true,128,128,45.3125,62803.015625,34.3203125,50,25,cem_final,30,,,,,
horizon,reacher,Standard,true,128,128,66.40625,45220.984375,23.96875,50,25,cem_final,30,,,,,
horizon,reacher,Perturbed,true,256,256,66.015625,44763.8515625,23.8671875,50,25,cem_final,30,,,,,
horizon,reacher,Perturbed 1,true,128,128,67.1875,43322.125,23.1171875,50,25,cem_final,30,,,,,
horizon,reacher,Perturbed 2,true,128,128,64.84375,46205.578125,24.6171875,50,25,cem_final,30,,,,,
horizon,tworoom,Standard,true,128,128,30.46875,65545.8125,35.953125,50,25,cem_final,30,,,,,
horizon,tworoom,Perturbed,true,256,256,34.765625,61853.5859375,33.8828125,50,25,cem_final,30,,,,,
horizon,tworoom,Perturbed 1,true,128,128,33.59375,63014,34.5,50,25,cem_final,30,,,,,
horizon,tworoom,Perturbed 2,true,128,128,35.9375,60693.171875,33.265625,50,25,cem_final,30,,,,,
horizon,pusht,Standard,true,128,128,91.40625,50847.234375,26.546875,50,25,cem_learned,30,,,,,
horizon,pusht,Perturbed,true,256,256,75.390625,60130.546875,31.85546875,50,25,cem_learned,30,,,,,
horizon,pusht,Perturbed 1,true,128,128,78.125,58723.984375,31.1796875,50,25,cem_learned,30,,,,,
horizon,pusht,Perturbed 2,true,128,128,72.65625,61537.109375,32.53125,50,25,cem_learned,30,,,,,
horizon,reacher,Standard,true,128,128,57.8125,62732.6875,33.8828125,50,25,cem_learned,30,,,,,
horizon,reacher,Perturbed,true,256,256,57.8125,62556.8671875,33.8203125,50,25,cem_learned,30,,,,,
horizon,reacher,Perturbed 1,true,128,128,57.03125,63295.3125,34.171875,50,25,cem_learned,30,,,,,
horizon,reacher,Perturbed 2,true,128,128,58.59375,61818.421875,33.46875,50,25,cem_learned,30,,,,,
horizon,tworoom,Standard,true,128,128,99.21875,33265.203125,16.5390625,50,25,cem_learned,30,,,,,
horizon,tworoom,Perturbed,true,256,256,99.21875,31788.3125,15.79296875,50,25,cem_learned,30,,,,,
horizon,tworoom,Perturbed 1,true,128,128,99.21875,32139.953125,15.953125,50,25,cem_learned,30,,,,,
horizon,tworoom,Perturbed 2,true,128,128,99.21875,31436.671875,15.6328125,50,25,cem_learned,30,,,,,
horizon,pusht,Standard,true,128,128,91.40625,50073.625,26.6015625,50,25,cem_observed,30,,,,,
horizon,pusht,Perturbed,true,256,256,87.5,52218.6328125,27.8828125,50,25,cem_observed,30,,,,,
horizon,pusht,Perturbed 1,true,128,128,88.28125,52324.125,27.9296875,50,25,cem_observed,30,,,,,
horizon,pusht,Perturbed 2,true,128,128,86.71875,52113.140625,27.8359375,50,25,cem_observed,30,,,,,
horizon,reacher,Standard,true,128,128,67.1875,63014,33.78125,50,25,cem_observed,30,,,,,
horizon,reacher,Perturbed,true,256,256,71.09375,59673.4140625,31.99609375,50,25,cem_observed,30,,,,,
horizon,reacher,Perturbed 1,true,128,128,66.40625,61255.796875,33,50,25,cem_observed,30,,,,,
horizon,reacher,Perturbed 2,true,128,128,75.78125,58091.03125,30.9921875,50,25,cem_observed,30,,,,,
horizon,tworoom,Standard,true,128,128,89.0625,36711.28125,18.7578125,50,25,cem_observed,30,,,,,
horizon,tworoom,Perturbed,true,256,256,85.9375,37168.4140625,19.18359375,50,25,cem_observed,30,,,,,
horizon,tworoom,Perturbed 1,true,128,128,84.375,38399.15625,19.8984375,50,25,cem_observed,30,,,,,
horizon,tworoom,Perturbed 2,true,128,128,87.5,35937.671875,18.46875,50,25,cem_observed,30,,,,,
horizon,pusht,Standard,true,128,128,60.9375,70312.5,37.0390625,50,25,lewm,30,,,,,
horizon,pusht,Perturbed,true,256,256,57.8125,71894.53125,38.14453125,50,25,lewm,30,,,,,
horizon,pusht,Perturbed 1,true,128,128,57.03125,71718.75,37.9375,50,25,lewm,30,,,,,
horizon,pusht,Perturbed 2,true,128,128,58.59375,72070.3125,38.3515625,50,25,lewm,30,,,,,
horizon,reacher,Standard,true,128,128,68.75,70664.0625,33.328125,50,25,lewm,30,,,,,
horizon,reacher,Perturbed,true,256,256,67.578125,72597.65625,34.765625,50,25,lewm,30,,,,,
horizon,reacher,Perturbed 1,true,128,128,68.75,73125,34.5078125,50,25,lewm,30,,,,,
horizon,reacher,Perturbed 2,true,128,128,66.40625,72070.3125,35.0234375,50,25,lewm,30,,,,,
horizon,tworoom,Standard,true,128,128,77.34375,54843.75,25.4765625,50,25,lewm,30,,,,,
horizon,tworoom,Perturbed,true,256,256,74.21875,52910.15625,24.6875,50,25,lewm,30,,,,,
horizon,tworoom,Perturbed 1,true,128,128,73.4375,54492.1875,25.2578125,50,25,lewm,30,,,,,
horizon,tworoom,Perturbed 2,true,128,128,75,51328.125,24.1171875,50,25,lewm,30,,,,,
horizon,pusht,Standard,true,128,128,89.84375,42.625,25.1015625,50,25,rank_final,30,,,,,
horizon,pusht,Perturbed,true,256,256,67.96875,51.65625,31.14453125,50,25,rank_final,30,,,,,
horizon,pusht,Perturbed 1,true,128,128,71.09375,50.375,30.3515625,50,25,rank_final,30,,,,,
horizon,pusht,Perturbed 2,true,128,128,64.84375,52.9375,31.9375,50,25,rank_final,30,,,,,
horizon,reacher,Standard,true,128,128,92.1875,34.875,20.0703125,50,25,rank_final,30,,,,,
horizon,reacher,Perturbed,true,256,256,92.96875,37,21.47265625,50,25,rank_final,30,,,,,
horizon,reacher,Perturbed 1,true,128,128,92.96875,38.6875,22.390625,50,25,rank_final,30,,,,,
horizon,reacher,Perturbed 2,true,128,128,92.96875,35.3125,20.5546875,50,25,rank_final,30,,,,,
horizon,tworoom,Standard,true,128,128,100,22.25,12.203125,50,25,rank_final,30,,,,,
horizon,tworoom,Perturbed,true,256,256,99.21875,21.90625,12.07421875,50,25,rank_final,30,,,,,
horizon,tworoom,Perturbed 1,true,128,128,99.21875,22.75,12.5078125,50,25,rank_final,30,,,,,
horizon,tworoom,Perturbed 2,true,128,128,99.21875,21.0625,11.640625,50,25,rank_final,30,,,,,
horizon,pusht,Standard,true,128,128,96.09375,42.375,25.1875,50,25,rank_learned,30,,,,,
horizon,pusht,Perturbed,true,256,256,68.359375,54.0625,32.6015625,50,25,rank_learned,30,,,,,
horizon,pusht,Perturbed 1,true,128,128,68.75,53.75,32.4375,50,25,rank_learned,30,,,,,
horizon,pusht,Perturbed 2,true,128,128,67.96875,54.375,32.765625,50,25,rank_learned,30,,,,,
horizon,reacher,Standard,true,128,128,87.5,47.0625,27.625,50,25,rank_learned,30,,,,,
horizon,reacher,Perturbed,true,256,256,88.28125,47.875,28.34765625,50,25,rank_learned,30,,,,,
horizon,reacher,Perturbed 1,true,128,128,87.5,46.9375,27.75,50,25,rank_learned,30,,,,,
horizon,reacher,Perturbed 2,true,128,128,89.0625,48.8125,28.9453125,50,25,rank_learned,30,,,,,
horizon,tworoom,Standard,true,128,128,100,27.875,15.4921875,50,25,rank_learned,30,,,,,
horizon,tworoom,Perturbed,true,256,256,99.609375,26.4375,14.7734375,50,25,rank_learned,30,,,,,
horizon,tworoom,Perturbed 1,true,128,128,99.21875,26.75,14.9765625,50,25,rank_learned,30,,,,,
horizon,tworoom,Perturbed 2,true,128,128,100,26.125,14.5703125,50,25,rank_learned,30,,,,,
horizon,pusht,Standard,true,128,128,95.3125,43.1875,25.6796875,50,25,rank_observed,30,,,,,
horizon,pusht,Perturbed,true,256,256,71.09375,53.0625,32.0390625,50,25,rank_observed,30,,,,,
horizon,pusht,Perturbed 1,true,128,128,72.65625,52.875,31.828125,50,25,rank_observed,30,,,,,
horizon,pusht,Perturbed 2,true,128,128,69.53125,53.25,32.25,50,25,rank_observed,30,,,,,
horizon,reacher,Standard,true,128,128,91.40625,45.375,26.59375,50,25,rank_observed,30,,,,,
horizon,reacher,Perturbed,true,256,256,91.796875,45.53125,26.703125,50,25,rank_observed,30,,,,,
horizon,reacher,Perturbed 1,true,128,128,92.1875,46,26.921875,50,25,rank_observed,30,,,,,
horizon,reacher,Perturbed 2,true,128,128,91.40625,45.0625,26.484375,50,25,rank_observed,30,,,,,
horizon,tworoom,Standard,true,128,128,100,26.4375,14.4375,50,25,rank_observed,30,,,,,
horizon,tworoom,Perturbed,true,256,256,100,25.59375,14.13671875,50,25,rank_observed,30,,,,,
horizon,tworoom,Perturbed 1,true,128,128,100,26,14.4140625,50,25,rank_observed,30,,,,,
horizon,tworoom,Perturbed 2,true,128,128,100,25.1875,13.859375,50,25,rank_observed,30,,,,,
horizon,cube,Standard,true,128,128,7.03125,85167.359375,47.1875,50,50,cem_final,30,,,,,
horizon,cube,Perturbed,true,256,256,4.296875,86855.234375,48.16015625,50,50,cem_final,30,,,,,
horizon,cube,Perturbed 1,true,128,128,5.46875,86151.953125,47.7265625,50,50,cem_final,30,,,,,
horizon,cube,Perturbed 2,true,128,128,3.125,87558.515625,48.59375,50,50,cem_final,30,,,,,
horizon,cube,Standard,true,128,128,58.59375,75813.71875,41.0078125,50,50,cem_learned,30,,,,,
horizon,cube,Perturbed,true,256,256,37.890625,79787.2578125,43.55078125,50,50,cem_learned,30,,,,,
horizon,cube,Perturbed 1,true,128,128,35.15625,80455.375,43.96875,50,50,cem_learned,30,,,,,
horizon,cube,Perturbed 2,true,128,128,40.625,79119.140625,43.1328125,50,50,cem_learned,30,,,,,
horizon,cube,Standard,true,128,128,47.65625,75110.4375,40.8515625,50,50,cem_observed,30,,,,,
horizon,cube,Perturbed,true,256,256,30.46875,81088.328125,44.4609375,50,50,cem_observed,30,,,,,
horizon,cube,Perturbed 1,true,128,128,28.125,81369.640625,44.6796875,50,50,cem_observed,30,,,,,
horizon,cube,Perturbed 2,true,128,128,32.8125,80807.015625,44.2421875,50,50,cem_observed,30,,,,,
horizon,cube,Standard,true,128,128,16.40625,83320.3125,44.2265625,50,50,lewm,30,,,,,
horizon,cube,Perturbed,true,256,256,12.109375,84902.34375,45.74609375,50,50,lewm,30,,,,,
horizon,cube,Perturbed 1,true,128,128,12.5,84726.5625,45.5859375,50,50,lewm,30,,,,,
horizon,cube,Perturbed 2,true,128,128,11.71875,85078.125,45.90625,50,50,lewm,30,,,,,
horizon,cube,Standard,true,128,128,67.96875,58.875,35.5546875,50,50,rank_final,30,,,,,
horizon,cube,Perturbed,true,256,256,43.75,66.96875,41,50,50,rank_final,30,,,,,
horizon,cube,Perturbed 1,true,128,128,42.96875,67.5625,41.375,50,50,rank_final,30,,,,,
horizon,cube,Perturbed 2,true,128,128,44.53125,66.375,40.625,50,50,rank_final,30,,,,,
horizon,cube,Standard,true,128,128,83.59375,62.625,37.4296875,50,50,rank_learned,30,,,,,
horizon,cube,Perturbed,true,256,256,48.4375,68.15625,41.734375,50,50,rank_learned,30,,,,,
horizon,cube,Perturbed 1,true,128,128,47.65625,68.4375,41.8515625,50,50,rank_learned,30,,,,,
horizon,cube,Perturbed 2,true,128,128,49.21875,67.875,41.6171875,50,50,rank_learned,30,,,,,
horizon,cube,Standard,true,128,128,70.3125,64.125,38.703125,50,50,rank_observed,30,,,,,
horizon,cube,Perturbed,true,256,256,44.140625,68.8125,42.046875,50,50,rank_observed,30,,,,,
horizon,cube,Perturbed 1,true,128,128,46.09375,69.1875,42.171875,50,50,rank_observed,30,,,,,
horizon,cube,Perturbed 2,true,128,128,42.1875,68.4375,41.921875,50,50,rank_observed,30,,,,,
budget,tworoom,Standard,true,128,128,0.78125,119306.046875,198.7109375,,100,cem_final,10,,,,,
budget,tworoom,Perturbed,true,256,256,1.5625,118707.9921875,197.703125,,100,cem_final,10,,,,,
budget,tworoom,Perturbed 1,true,128,128,1.5625,119048.0625,198.28125,,100,cem_final,10,,,,,
budget,tworoom,Perturbed 2,true,128,128,1.5625,118367.921875,197.125,,100,cem_final,10,,,,,
budget,tworoom,Standard,true,128,128,0,12080,200,,100,cem_final,1,,,,,
budget,tworoom,Perturbed,true,256,256,0,12080,200,,100,cem_final,1,,,,,
budget,tworoom,Perturbed 1,true,128,128,0,12080,200,,100,cem_final,1,,,,,
budget,tworoom,Perturbed 2,true,128,128,0,12080,200,,100,cem_final,1,,,,,
budget,tworoom,Standard,true,128,128,0,24080,200,,100,cem_final,2,,,,,
budget,tworoom,Perturbed,true,256,256,0,24080,200,,100,cem_final,2,,,,,
budget,tworoom,Perturbed 1,true,128,128,0,24080,200,,100,cem_final,2,,,,,
budget,tworoom,Perturbed 2,true,128,128,0,24080,200,,100,cem_final,2,,,,,
budget,tworoom,Standard,true,128,128,1.5625,354946.046875,197.1328125,,100,cem_final,30,,,,,
budget,tworoom,Perturbed,true,256,256,1.5625,354946.046875,197.13671875,,100,cem_final,30,,,,,
budget,tworoom,Perturbed 1,true,128,128,1.5625,355016.375,197.1875,,100,cem_final,30,,,,,
budget,tworoom,Perturbed 2,true,128,128,1.5625,354875.71875,197.0859375,,100,cem_final,30,,,,,
budget,tworoom,Standard,true,128,128,0.78125,59657.5625,198.5703125,,100,cem_final,5,,,,,
budget,tworoom,Perturbed,true,256,256,0,60080,200,,100,cem_final,5,,,,,
budget,tworoom,Perturbed 1,true,128,128,0,60080,200,,100,cem_final,5,,,,,
budget,tworoom,Perturbed 2,true,128,128,0,60080,200,,100,cem_final,5,,,,,
budget,tworoom,Standard,true,128,128,55.46875,84009.09375,139,,100,cem_learned,10,,,,,
budget,tworoom,Perturbed,true,256,256,53.515625,84689.234375,140.12890625,,100,cem_learned,10,,,,,
budget,tworoom,Perturbed 1,true,128,128,53.125,85017.578125,140.7109375,,100,cem_learned,10,,,,,
budget,tworoom,Perturbed 2,true,128,128,53.90625,84360.890625,139.546875,,100,cem_learned,10,,,,,
budget,tworoom,Standard,true,128,128,34.375,10180.703125,167.9921875,,100,cem_learned,1,,,,,
budget,tworoom,Perturbed,true,256,256,35.15625,10126.4375,166.9609375,,100,cem_learned,1,,,,,
budget,tworoom,Perturbed 1,true,128,128,34.375,10131.15625,167.0390625,,100,cem_learned,1,,,,,
budget,tworoom,Perturbed 2,true,128,128,35.9375,10121.71875,166.8828125,,100,cem_learned,1,,,,,
budget,tworoom,Standard,true,128,128,39.0625,19118.203125,158.0234375,,100,cem_learned,2,,,,,
budget,tworoom,Perturbed,true,256,256,41.015625,18887.75,156.18359375,,100,cem_learned,2,,,,,
budget,tworoom,Perturbed 1,true,128,128,39.84375,19165.234375,158.4765625,,100,cem_learned,2,,,,,
budget,tworoom,Perturbed 2,true,128,128,42.1875,18610.265625,153.890625,,100,cem_learned,2,,,,,
budget,tworoom,Standard,true,128,128,53.125,250649.4375,138.3046875,,100,cem_learned,30,,,,,
budget,tworoom,Perturbed,true,256,256,55.078125,247941.8046875,136.796875,,100,cem_learned,30,,,,,
budget,tworoom,Perturbed 1,true,128,128,53.90625,249805.5,137.875,,100,cem_learned,30,,,,,
budget,tworoom,Perturbed 2,true,128,128,56.25,246078.109375,135.71875,,100,cem_learned,30,,,,,
main,tworoom,Standard,true,128,128,53.125,250649.4375,138.3046875,,100,cem_learned,30,,,,,
main,tworoom,Perturbed,true,256,256,55.078125,247941.8046875,136.796875,,100,cem_learned,30,,,,,
main,tworoom,Perturbed 1,true,128,128,53.90625,249805.5,137.875,,100,cem_learned,30,,,,,
main,tworoom,Perturbed 2,true,128,128,56.25,246078.109375,135.71875,,100,cem_learned,30,,,,,
budget,tworoom,Standard,true,128,128,46.875,44309,146.71875,,100,cem_learned,5,,,,,
budget,tworoom,Perturbed,true,256,256,49.21875,43745.75,144.71484375,,100,cem_learned,5,,,,,
budget,tworoom,Perturbed 1,true,128,128,48.4375,44039.109375,145.71875,,100,cem_learned,5,,,,,
budget,tworoom,Perturbed 2,true,128,128,50,43452.390625,143.7109375,,100,cem_learned,5,,,,,
ablation,tworoom,Standard,true,128,128,46.875,262605.21875,145.0703125,,100,cem_observed,30,true,,,,
ablation,tworoom,Perturbed,true,256,256,46.875,265066.703125,146.44921875,,100,cem_observed,30,true,,,,
ablation,tworoom,Perturbed 1,true,128,128,44.53125,270974.265625,149.78125,,100,cem_observed,30,true,,,,
ablation,tworoom,Perturbed 2,true,128,128,49.21875,259159.140625,143.1171875,,100,cem_observed,30,true,,,,
budget,tworoom,Standard,true,128,128,42.96875,90622.875,150.25,,100,cem_observed,10,,,,,
budget,tworoom,Perturbed,true,256,256,45.3125,89661.296875,148.57421875,,100,cem_observed,10,,,,,
budget,tworoom,Perturbed 1,true,128,128,44.53125,90810.5,150.453125,,100,cem_observed,10,,,,,
budget,tworoom,Perturbed 2,true,128,128,46.09375,88512.09375,146.6953125,,100,cem_observed,10,,,,,
budget,tworoom,Standard,true,128,128,7.03125,11796.875,195.1328125,,100,cem_observed,1,,,,,
budget,tworoom,Perturbed,true,256,256,8.984375,11717.8359375,193.8203125,,100,cem_observed,1,,,,,
budget,tworoom,Perturbed 1,true,128,128,10.15625,11683.625,193.203125,,100,cem_observed,1,,,,,
budget,tworoom,Perturbed 2,true,128,128,7.8125,11752.046875,194.4375,,100,cem_observed,1,,,,,
budget,tworoom,Standard,true,128,128,19.53125,21897.75,181.453125,,100,cem_observed,2,,,,,
budget,tworoom,Perturbed,true,256,256,20.3125,21744.8984375,180.18359375,,100,cem_observed,2,,,,,
budget,tworoom,Perturbed 1,true,128,128,21.875,21526.203125,178.3046875,,100,cem_observed,2,,,,,
budget,tworoom,Perturbed 2,true,128,128,18.75,21963.59375,182.0625,,100,cem_observed,2,,,,,
ablation,tworoom,Standard,true,128,128,52.34375,256346.015625,141.375,,100,cem_observed,30,,0.1,,,
ablation,tworoom,Perturbed,true,256,256,48.4375,263097.515625,145.21875,,100,cem_observed,30,,0.1,,,
ablation,tworoom,Perturbed 1,true,128,128,46.875,268090.8125,148.0625,,100,cem_observed,30,,0.1,,,
ablation,tworoom,Perturbed 2,true,128,128,50,258104.21875,142.375,,100,cem_observed,30,,0.1,,,
ablation,tworoom,Standard,true,128,128,50,257682.25,142.15625,,100,cem_observed,30,,0.25,,,
ablation,tworoom,Perturbed,true,256,256,46.875,262886.53125,145.0859375,,100,cem_observed,30,,0.25,,,
ablation,tworoom,Perturbed 1,true,128,128,45.3125,266895.234375,147.3125,,100,cem_observed,30,,0.25,,,
ablation,tworoom,Perturbed 2,true,128,128,48.4375,258877.828125,142.859375,,100,cem_observed,30,,0.25,,,
ablation,tworoom,Standard,true,128,128,46.875,266402.9375,147.125,,100,cem_observed,30,,0.5,,,
ablation,tworoom,Perturbed,true,256,256,47.65625,264468.9140625,146.0703125,,100,cem_observed,30,,0.5,,,
ablation,tworoom,Perturbed 1,true,128,128,46.09375,266473.265625,147.140625,,100,cem_observed,30,,0.5,,,
ablation,tworoom,Perturbed 2,true,128,128,49.21875,262464.5625,145,,100,cem_observed,30,,0.5,,,
ablation,tworoom,Standard,true,128,128,50.78125,247836.3125,136.6953125,,100,cem_observed,30,,,10,,
ablation,tworoom,Perturbed,true,256,256,48.046875,254411.9921875,140.44140625,,100,cem_observed,30,,,10,,
ablation,tworoom,Perturbed 1,true,128,128,46.875,253743.875,140.1328125,,100,cem_observed,30,,,10,,
ablation,tworoom,Perturbed 2,true,128,128,49.21875,255080.109375,140.75,,100,cem_observed,30,,,10,,
ablation,tworoom,Standard,true,128,128,43.75,303887.828125,168.1875,,100,cem_observed,30,,,1,,
ablation,tworoom,Perturbed,true,256,256,46.09375,297066,164.21875,,100,cem_observed,30,,,1,,
ablation,tworoom,Perturbed 1,true,128,128,40.625,305153.734375,168.875,,100,cem_observed,30,,,1,,
ablation,tworoom,Perturbed 2,true,128,128,51.5625,288978.265625,159.5625,,100,cem_observed,30,,,1,,
ablation,tworoom,Standard,true,128,128,57.8125,257682.25,142.1953125,,100,cem_observed,30,,,3,,
ablation,tworoom,Perturbed,true,256,256,56.25,260776.6875,143.7734375,,100,cem_observed,30,,,3,,
ablation,tworoom,Perturbed 1,true,128,128,56.25,259792.09375,143.1953125,,100,cem_observed,30,,,3,,
ablation,tworoom,Perturbed 2,true,128,128,56.25,261761.28125,144.3515625,,100,cem_observed,30,,,3,,
budget,tworoom,Standard,true,128,128,46.875,262605.21875,145.0703125,,100,cem_observed,30,,,,,
budget,tworoom,Perturbed,true,256,256,46.875,265066.703125,146.44921875,,100,cem_observed,30,,,,,
budget,tworoom,Perturbed 1,true,128,128,44.53125,270974.265625,149.78125,,100,cem_observed,30,,,,,
budget,tworoom,Perturbed 2,true,128,128,49.21875,259159.140625,143.1171875,,100,cem_observed,30,,,,,
transport,tworoom,Standard,true,128,128,46.875,262605.21875,145.0703125,,100,cem_observed,30,,,,,
transport,tworoom,Perturbed,true,256,256,46.875,265066.703125,146.44921875,,100,cem_observed,30,,,,,
transport,tworoom,Perturbed 1,true,128,128,44.53125,270974.265625,149.78125,,100,cem_observed,30,,,,,
transport,tworoom,Perturbed 2,true,128,128,49.21875,259159.140625,143.1171875,,100,cem_observed,30,,,,,
budget,tworoom,Standard,true,128,128,37.5,47512.484375,157.515625,,100,cem_observed,5,,,,,
budget,tworoom,Perturbed,true,256,256,37.109375,47242.59375,156.6484375,,100,cem_observed,5,,,,,
budget,tworoom,Perturbed 1,true,128,128,39.0625,46608.9375,154.5234375,,100,cem_observed,5,,,,,
budget,tworoom,Perturbed 2,true,128,128,35.15625,47876.25,158.7734375,,100,cem_observed,5,,,,,
transport,tworoom,Standard,true,128,128,34.375,289189.25,159.9609375,,100,cem_transport,30,,,,,
transport,tworoom,Perturbed,true,256,256,35.15625,291369.421875,161.20703125,,100,cem_transport,30,,,,,
transport,tworoom,Perturbed 1,true,128,128,32.8125,292072.703125,161.6640625,,100,cem_transport,30,,,,,
transport,tworoom,Perturbed 2,true,128,128,37.5,290666.140625,160.75,,100,cem_transport,30,,,,,
main,tworoom,Standard,true,128,128,96.875,144.875,88.4765625,,100,rank_learned,30,,,,,
main,tworoom,Perturbed,true,256,256,98.4375,141.6875,86.484375,,100,rank_learned,30,,,,,
main,tworoom,Perturbed 1,true,128,128,98.4375,142.625,87.015625,,100,rank_learned,30,,,,,
main,tworoom,Perturbed 2,true,128,128,98.4375,140.75,85.953125,,100,rank_learned,30,,,,,
ablation,tworoom,Standard,true,128,128,98.4375,138.125,84.171875,,100,rank_observed,30,true,,,,
ablation,tworoom,Perturbed,true,256,256,100,135.53125,82.5703125,,100,rank_observed,30,true,,,,
ablation,tworoom,Perturbed 1,true,128,128,100,136.125,83.0234375,,100,rank_observed,30,true,,,,
ablation,tworoom,Perturbed 2,true,128,128,100,134.9375,82.1171875,,100,rank_observed,30,true,,,,
ablation,tworoom,Standard,true,128,128,99.21875,138.3125,84.34375,,100,rank_observed,30,,,,no_delta,
ablation,tworoom,Perturbed,true,256,256,100,136.6875,83.28515625,,100,rank_observed,30,,,,no_delta,
ablation,tworoom,Perturbed 1,true,128,128,100,136.75,83.3515625,,100,rank_observed,30,,,,no_delta,
ablation,tworoom,Perturbed 2,true,128,128,100,136.625,83.21875,,100,rank_observed,30,,,,no_delta,
ablation,tworoom,Standard,true,128,128,100,136.25,82.890625,,100,rank_observed,30,,,,no_far,
ablation,tworoom,Perturbed,true,256,256,100,136.125,82.94140625,,100,rank_observed,30,,,,no_far,
ablation,tworoom,Perturbed 1,true,128,128,100,136.9375,83.4140625,,100,rank_observed,30,,,,no_far,
ablation,tworoom,Perturbed 2,true,128,128,100,135.3125,82.46875,,100,rank_observed,30,,,,no_far,
ablation,tworoom,Standard,true,128,128,99.21875,138.8125,84.640625,,100,rank_observed,30,,0.1,,,
ablation,tworoom,Perturbed,true,256,256,99.609375,140.46875,85.6171875,,100,rank_observed,30,,0.1,,,
ablation,tworoom,Perturbed 1,true,128,128,99.21875,142.8125,86.9765625,,100,rank_observed,30,,0.1,,,
ablation,tworoom,Perturbed 2,true,128,128,100,138.125,84.2578125,,100,rank_observed,30,,0.1,,,
ablation,tworoom,Standard,true,128,128,98.4375,141.25,86.265625,,100,rank_observed,30,,0.25,,,
ablation,tworoom,Perturbed,true,256,256,98.828125,136.46875,83.1328125,,100,rank_observed,30,,0.25,,,
ablation,tworoom,Perturbed 1,true,128,128,98.4375,136.875,83.375,,100,rank_observed,30,,0.25,,,
ablation,tworoom,Perturbed 2,true,128,128,99.21875,136.0625,82.890625,,100,rank_observed,30,,0.25,,,
ablation,tworoom,Standard,true,128,128,99.21875,139.0625,85.0625,,100,rank_observed,30,,0.5,,,
ablation,tworoom,Perturbed,true,256,256,99.609375,137.75,83.953125,,100,rank_observed,30,,0.5,,,
ablation,tworoom,Perturbed 1,true,128,128,99.21875,137.5625,83.953125,,100,rank_observed,30,,0.5,,,
ablation,tworoom,Perturbed 2,true,128,128,100,137.9375,83.953125,,100,rank_observed,30,,0.5,,,
ablation,tworoom,Standard,true,128,128,21.09375,276.8125,172.65625,,100,rank_observed,30,,,,,fixed
ablation,tworoom,Perturbed,true,256,256,23.046875,279.4375,174.26953125,,100,rank_observed,30,,,,,fixed
ablation,tworoom,Perturbed 1,true,128,128,22.65625,280.8125,175.15625,,100,rank_observed,30,,,,,fixed
ablation,tworoom,Perturbed 2,true,128,128,23.4375,278.0625,173.3828125,,100,rank_observed,30,,,,,fixed
ablation,tworoom,Standard,true,128,128,99.21875,123.0625,75.0078125,,100,rank_observed,30,,,10,,
ablation,tworoom,Perturbed,true,256,256,99.21875,123.625,75.21875,,100,rank_observed,30,,,10,,
ablation,tworoom,Perturbed 1,true,128,128,100,123.6875,75.078125,,100,rank_observed,30,,,10,,
ablation,tworoom,Perturbed 2,true,128,128,98.4375,123.5625,75.359375,,100,rank_observed,30,,,10,,
ablation,tworoom,Standard,true,128,128,82.03125,189.0625,116.375,,100,rank_observed,30,,,1,,
ablation,tworoom,Perturbed,true,256,256,83.984375,186.125,114.65234375,,100,rank_observed,30,,,1,,
ablation,tworoom,Perturbed 1,true,128,128,85.9375,181,111.3203125,,100,rank_observed,30,,,1,,
ablation,tworoom,Perturbed 2,true,128,128,82.03125,191.25,117.984375,,100,rank_observed,30,,,1,,
ablation,tworoom,Standard,true,128,128,98.4375,149.5625,91.4375,,100,rank_observed,30,,,3,,
ablation,tworoom,Perturbed,true,256,256,97.265625,153.625,94.00390625,,100,rank_observed,30,,,3,,
ablation,tworoom,Perturbed 1,true,128,128,96.875,154.0625,94.4140625,,100,rank_observed,30,,,3,,
ablation,tworoom,Perturbed 2,true,128,128,97.65625,153.1875,93.59375,,100,rank_observed,30,,,3,,
budget,pusht,Standard,true,128,128,1.5625,165649.421875,275.8828125,,140,cem_final,10,,,,,
budget,pusht,Perturbed,true,256,256,2.734375,163843.53125,272.828125,,140,cem_final,10,,,,,
budget,pusht,Perturbed 1,true,128,128,2.34375,164476.765625,273.90625,,140,cem_final,10,,,,,
budget,pusht,Perturbed 2,true,128,128,3.125,163210.296875,271.75,,140,cem_final,10,,,,,
budget,pusht,Standard,true,128,128,1.5625,16772.796875,277.6484375,,140,cem_final,1,,,,,
budget,pusht,Perturbed,true,256,256,1.953125,16712.6328125,276.63671875,,140,cem_final,1,,,,,
budget,pusht,Perturbed 1,true,128,128,1.5625,16751.5625,277.296875,,140,cem_final,1,,,,,
budget,pusht,Perturbed 2,true,128,128,2.34375,16673.703125,275.9765625,,140,cem_final,1,,,,,
budget,pusht,Standard,true,128,128,1.5625,33307.53125,276.6015625,,140,cem_final,2,,,,,
budget,pusht,Perturbed,true,256,256,1.953125,33189.953125,275.61328125,,140,cem_final,2,,,,,
budget,pusht,Perturbed 1,true,128,128,1.5625,33293.421875,276.484375,,140,cem_final,2,,,,,
budget,pusht,Perturbed 2,true,128,128,2.34375,33086.484375,274.7421875,,140,cem_final,2,,,,,
budget,pusht,Standard,true,128,128,2.34375,493562.78125,274.1171875,,140,cem_final,30,,,,,
budget,pusht,Perturbed,true,256,256,2.734375,491101.296875,272.7265625,,140,cem_final,30,,,,,
budget,pusht,Perturbed 1,true,128,128,2.34375,493000.15625,273.8046875,,140,cem_final,30,,,,,
budget,pusht,Perturbed 2,true,128,128,3.125,489202.4375,271.6484375,,140,cem_final,30,,,,,
budget,pusht,Standard,true,128,128,1.5625,82938.5625,276.0625,,140,cem_final,5,,,,,
budget,pusht,Perturbed,true,256,256,1.953125,82633.46875,275.02734375,,140,cem_final,5,,,,,
budget,pusht,Perturbed 1,true,128,128,1.5625,82926.828125,276.015625,,140,cem_final,5,,,,,
budget,pusht,Perturbed 2,true,128,128,2.34375,82340.109375,274.0390625,,140,cem_final,5,,,,,
budget,pusht,Standard,true,128,128,48.4375,129203.265625,214.421875,,140,cem_learned,10,,,,,
budget,pusht,Perturbed,true,256,256,44.53125,132498.4296875,219.8828125,,140,cem_learned,10,,,,,
budget,pusht,Perturbed 1,true,128,128,41.40625,134151.875,222.6640625,,140,cem_learned,10,,,,,
budget,pusht,Perturbed 2,true,128,128,47.65625,130844.984375,217.1015625,,140,cem_learned,10,,,,,
budget,pusht,Standard,true,128,128,3.90625,16735.046875,277.0078125,,140,cem_learned,1,,,,,
budget,pusht,Perturbed,true,256,256,3.90625,16763.359375,277.46484375,,140,cem_learned,1,,,,,
budget,pusht,Perturbed 1,true,128,128,4.6875,16746.84375,277.1640625,,140,cem_learned,1,,,,,
budget,pusht,Perturbed 2,true,128,128,3.125,16779.875,277.765625,,140,cem_learned,1,,,,,
budget,pusht,Standard,true,128,128,25.78125,31435.6875,260.6484375,,140,cem_learned,2,,,,,
budget,pusht,Perturbed,true,256,256,26.953125,31165.2578125,258.36328125,,140,cem_learned,2,,,,,
budget,pusht,Perturbed 1,true,128,128,28.90625,30923.046875,256.3203125,,140,cem_learned,2,,,,,
budget,pusht,Perturbed 2,true,128,128,25,31407.46875,260.40625,,140,cem_learned,2,,,,,
budget,pusht,Standard,true,128,128,52.34375,375059.890625,207.4921875,,140,cem_learned,30,,,,,
budget,pusht,Perturbed,true,256,256,48.828125,387402.4765625,214.32421875,,140,cem_learned,30,,,,,
budget,pusht,Perturbed 1,true,128,128,48.4375,388281.578125,214.734375,,140,cem_learned,30,,,,,
budget,pusht,Perturbed 2,true,128,128,49.21875,386523.375,213.9140625,,140,cem_learned,30,,,,,
main,pusht,Standard,true,128,128,52.34375,375059.890625,207.4921875,,140,cem_learned,30,,,,,
main,pusht,Perturbed,true,256,256,48.828125,387402.4765625,214.32421875,,140,cem_learned,30,,,,,
main,pusht,Perturbed 1,true,128,128,48.4375,388281.578125,214.734375,,140,cem_learned,30,,,,,
main,pusht,Perturbed 2,true,128,128,49.21875,386523.375,213.9140625,,140,cem_learned,30,,,,,
budget,pusht,Standard,true,128,128,44.53125,67683.875,224.453125,,140,cem_learned,5,,,,,
budget,pusht,Perturbed,true,256,256,41.796875,69092,229.2421875,,140,cem_learned,5,,,,,
budget,pusht,Perturbed 1,true,128,128,41.40625,69291.484375,229.890625,,140,cem_learned,5,,,,,
budget,pusht,Perturbed 2,true,128,128,42.1875,68892.515625,228.59375,,140,cem_learned,5,,,,,
ablation,pusht,Standard,true,128,128,69.53125,326111.515625,180.0859375,,140,cem_observed,30,true,,,,
ablation,pusht,Perturbed,true,256,256,64.84375,338629.921875,187.16796875,,140,cem_observed,30,true,,,,
ablation,pusht,Perturbed 1,true,128,128,64.0625,340388.125,188.078125,,140,cem_observed,30,true,,,,
ablation,pusht,Perturbed 2,true,128,128,65.625,336871.71875,186.2578125,,140,cem_observed,30,true,,,,
budget,pusht,Standard,true,128,128,69.53125,110112.421875,182.3125,,140,cem_observed,10,,,,,
budget,pusht,Perturbed,true,256,256,67.96875,111472.703125,184.58984375,,140,cem_observed,10,,,,,
budget,pusht,Perturbed 1,true,128,128,65.625,112715.71875,186.6015625,,140,cem_observed,10,,,,,
budget,pusht,Perturbed 2,true,128,128,70.3125,110229.6875,182.578125,,140,cem_observed,10,,,,,
budget,pusht,Standard,true,128,128,3.125,16836.5,278.640625,,140,cem_observed,1,,,,,
budget,pusht,Perturbed,true,256,256,1.5625,16877.7890625,279.41015625,,140,cem_observed,1,,,,,
budget,pusht,Perturbed 1,true,128,128,1.5625,16867.171875,279.2265625,,140,cem_observed,1,,,,,
budget,pusht,Perturbed 2,true,128,128,1.5625,16888.40625,279.59375,,140,cem_observed,1,,,,,
budget,pusht,Standard,true,128,128,8.59375,32700.828125,271.375,,140,cem_observed,2,,,,,
budget,pusht,Perturbed,true,256,256,10.9375,32505.6484375,269.7421875,,140,cem_observed,2,,,,,
budget,pusht,Perturbed 1,true,128,128,11.71875,32404.53125,268.8671875,,140,cem_observed,2,,,,,
budget,pusht,Perturbed 2,true,128,128,10.15625,32606.765625,270.6171875,,140,cem_observed,2,,,,,
ablation,pusht,Standard,true,128,128,59.375,351429.640625,194.34375,,140,cem_observed,30,,0.1,,,
ablation,pusht,Perturbed,true,256,256,58.59375,356598.7578125,197.078125,,140,cem_observed,30,,0.1,,,
ablation,pusht,Perturbed 1,true,128,128,60.15625,351359.3125,194.15625,,140,cem_observed,30,,0.1,,,
ablation,pusht,Perturbed 2,true,128,128,57.03125,361838.203125,200,,140,cem_observed,30,,0.1,,,
ablation,pusht,Standard,true,128,128,64.84375,338067.296875,186.6953125,,140,cem_observed,30,,0.25,,,
ablation,pusht,Perturbed,true,256,256,63.28125,342990.265625,189.484375,,140,cem_observed,30,,0.25,,,
ablation,pusht,Perturbed 1,true,128,128,64.0625,340036.484375,187.875,,140,cem_observed,30,,0.25,,,
ablation,pusht,Perturbed 2,true,128,128,62.5,345944.046875,191.09375,,140,cem_observed,30,,0.25,,,
ablation,pusht,Standard,true,128,128,67.1875,334621.21875,184.796875,,140,cem_observed,30,,0.5,,,
ablation,pusht,Perturbed,true,256,256,61.328125,347983.5625,192.2734375,,140,cem_observed,30,,0.5,,,
ablation,pusht,Perturbed 1,true,128,128,61.71875,347420.9375,192.0078125,,140,cem_observed,30,,0.5,,,
ablation,pusht,Perturbed 2,true,128,128,60.9375,348546.1875,192.5390625,,140,cem_observed,30,,0.5,,,
ablation,pusht,Standard,true,128,128,58.59375,345381.421875,190.953125,,140,cem_observed,30,,,10,,
ablation,pusht,Perturbed,true,256,256,57.421875,348897.828125,192.94921875,,140,cem_observed,30,,,10,,
ablation,pusht,Perturbed 1,true,128,128,54.6875,356000.96875,196.9453125,,140,cem_observed,30,,,10,,
ablation,pusht,Perturbed 2,true,128,128,60.15625,341794.6875,188.953125,,140,cem_observed,30,,,10,,
ablation,pusht,Standard,true,128,128,34.375,433854.203125,240.4453125,,140,cem_observed,30,,,1,,
ablation,pusht,Perturbed,true,256,256,29.296875,444368.2578125,246.328125,,140,cem_observed,30,,,1,,
ablation,pusht,Perturbed 1,true,128,128,29.6875,443559.484375,245.9140625,,140,cem_observed,30,,,1,,
ablation,pusht,Perturbed 2,true,128,128,28.90625,445177.03125,246.7421875,,140,cem_observed,30,,,1,,
ablation,pusht,Standard,true,128,128,68.75,341865.015625,188.6875,,140,cem_observed,30,,,3,,
ablation,pusht,Perturbed,true,256,256,60.9375,358673.4375,198.234375,,140,cem_observed,30,,,3,,
ablation,pusht,Perturbed 1,true,128,128,57.03125,368378.71875,203.6875,,140,cem_observed,30,,,3,,
ablation,pusht,Perturbed 2,true,128,128,64.84375,348968.15625,192.78125,,140,cem_observed,30,,,3,,
budget,pusht,Standard,true,128,128,69.53125,326111.515625,180.0859375,,140,cem_observed,30,,,,,
budget,pusht,Perturbed,true,256,256,64.84375,338629.921875,187.16796875,,140,cem_observed,30,,,,,
budget,pusht,Perturbed 1,true,128,128,64.0625,340388.125,188.078125,,140,cem_observed,30,,,,,
budget,pusht,Perturbed 2,true,128,128,65.625,336871.71875,186.2578125,,140,cem_observed,30,,,,,
transport,pusht,Standard,true,128,128,69.53125,326111.515625,180.0859375,,140,cem_observed,30,,,,,
transport,pusht,Perturbed,true,256,256,64.84375,338629.921875,187.16796875,,140,cem_observed,30,,,,,
transport,pusht,Perturbed 1,true,128,128,64.0625,340388.125,188.078125,,140,cem_observed,30,,,,,
transport,pusht,Perturbed 2,true,128,128,65.625,336871.71875,186.2578125,,140,cem_observed,30,,,,,
budget,pusht,Standard,true,128,128,43.75,67425.71875,223.6015625,,140,cem_observed,5,,,,,
budget,pusht,Perturbed,true,256,256,43.359375,66862.46875,221.88671875,,140,cem_observed,5,,,,,
budget,pusht,Perturbed 1,true,128,128,44.53125,66357.890625,220.0859375,,140,cem_observed,5,,,,,
budget,pusht,Perturbed 2,true,128,128,42.1875,67367.046875,223.6875,,140,cem_observed,5,,,,,
transport,pusht,Standard,true,128,128,61.71875,347842.90625,192.140625,,140,cem_transport,30,,,,,
transport,pusht,Perturbed,true,256,256,44.53125,393802.3359375,217.94921875,,140,cem_transport,30,,,,,
transport,pusht,Perturbed 1,true,128,128,49.21875,381248.765625,210.96875,,140,cem_transport,30,,,,,
transport,pusht,Perturbed 2,true,128,128,39.84375,406355.90625,224.9296875,,140,cem_transport,30,,,,,
main,pusht,Standard,true,128,128,54.6875,328.25,204.1015625,,140,rank_learned,30,,,,,
main,pusht,Perturbed,true,256,256,35.546875,370.03125,230.6328125,,140,rank_learned,30,,,,,
main,pusht,Perturbed 1,true,128,128,34.375,370.625,231,,140,rank_learned,30,,,,,
main,pusht,Perturbed 2,true,128,128,36.71875,369.4375,230.265625,,140,rank_learned,30,,,,,
ablation,pusht,Standard,true,128,128,66.40625,300,186.4140625,,140,rank_observed,30,true,,,,
ablation,pusht,Perturbed,true,256,256,47.65625,344.25,214.34765625,,140,rank_observed,30,true,,,,
ablation,pusht,Perturbed 1,true,128,128,47.65625,344.375,214.4609375,,140,rank_observed,30,true,,,,
ablation,pusht,Perturbed 2,true,128,128,47.65625,344.125,214.234375,,140,rank_observed,30,true,,,,
ablation,pusht,Standard,true,128,128,63.28125,306.25,190.2109375,,140,rank_observed,30,,,,no_delta,
ablation,pusht,Perturbed,true,256,256,44.921875,351,218.56640625,,140,rank_observed,30,,,,no_delta,
ablation,pusht,Perturbed 1,true,128,128,42.96875,355.4375,221.2890625,,140,rank_observed,30,,,,no_delta,
ablation,pusht,Perturbed 2,true,128,128,46.875,346.5625,215.84375,,140,rank_observed,30,,,,no_delta,
ablation,pusht,Standard,true,128,128,67.1875,301.0625,186.8828125,,140,rank_observed,30,,,,no_far,
ablation,pusht,Perturbed,true,256,256,50.390625,338.5,210.796875,,140,rank_observed,30,,,,no_far,
ablation,pusht,Perturbed 1,true,128,128,47.65625,345.3125,215.015625,,140,rank_observed,30,,,,no_far,
ablation,pusht,Perturbed 2,true,128,128,53.125,331.6875,206.578125,,140,rank_observed,30,,,,no_far,
ablation,pusht,Standard,true,128,128,53.125,330.1875,205.609375,,140,rank_observed,30,,0.1,,,
ablation,pusht,Perturbed,true,256,256,39.453125,361.75,225.5,,140,rank_observed,30,,0.1,,,
ablation,pusht,Perturbed 1,true,128,128,35.15625,370.9375,231.3125,,140,rank_observed,30,,0.1,,,
ablation,pusht,Perturbed 2,true,128,128,43.75,352.5625,219.6875,,140,rank_observed,30,,0.1,,,
ablation,pusht,Standard,true,128,128,58.59375,315.625,196.203125,,140,rank_observed,30,,0.25,,,
ablation,pusht,Perturbed,true,256,256,42.96875,352.875,219.7109375,,140,rank_observed,30,,0.25,,,
ablation,pusht,Perturbed 1,true,128,128,40.625,360,224.1953125,,140,rank_observed,30,,0.25,,,
ablation,pusht,Perturbed 2,true,128,128,45.3125,345.75,215.2265625,,140,rank_observed,30,,0.25,,,
ablation,pusht,Standard,true,128,128,61.71875,309.3125,192.25,,140,rank_observed,30,,0.5,,,
ablation,pusht,Perturbed,true,256,256,43.359375,352.34375,219.41015625,,140,rank_observed,30,,0.5,,,
ablation,pusht,Perturbed 1,true,128,128,41.40625,358.8125,223.53125,,140,rank_observed,30,,0.5,,,
ablation,pusht,Perturbed 2,true,128,128,45.3125,345.875,215.2890625,,140,rank_observed,30,,0.5,,,
ablation,pusht,Standard,true,128,128,0,448,280,,140,rank_observed,30,,,,,fixed
ablation,pusht,Perturbed,true,256,256,0,448,280,,140,rank_observed,30,,,,,fixed
ablation,pusht,Perturbed 1,true,128,128,0,448,280,,140,rank_observed,30,,,,,fixed
ablation,pusht,Perturbed 2,true,128,128,0,448,280,,140,rank_observed,30,,,,,fixed
ablation,pusht,Standard,true,128,128,59.375,314.75,195.6953125,,140,rank_observed,30,,,10,,
ablation,pusht,Perturbed,true,256,256,34.375,372.21875,231.96875,,140,rank_observed,30,,,10,,
ablation,pusht,Perturbed 1,true,128,128,36.71875,367.1875,228.71875,,140,rank_observed,30,,,10,,
ablation,pusht,Perturbed 2,true,128,128,32.03125,377.25,235.21875,,140,rank_observed,30,,,10,,
ablation,pusht,Standard,true,128,128,30.46875,382.6875,238.6484375,,140,rank_observed,30,,,1,,
ablation,pusht,Perturbed,true,256,256,21.875,404.21875,252.23828125,,140,rank_observed,30,,,1,,
ablation,pusht,Perturbed 1,true,128,128,21.875,404.25,252.2265625,,140,rank_observed,30,,,1,,
ablation,pusht,Perturbed 2,true,128,128,21.875,404.1875,252.25,,140,rank_observed,30,,,1,,
ablation,pusht,Standard,true,128,128,49.21875,345.3125,214.859375,,140,rank_observed,30,,,3,,
ablation,pusht,Perturbed,true,256,256,35.546875,374.59375,233.4921875,,140,rank_observed,30,,,3,,
ablation,pusht,Perturbed 1,true,128,128,33.59375,378.5,235.9921875,,140,rank_observed,30,,,3,,
ablation,pusht,Perturbed 2,true,128,128,37.5,370.6875,230.9921875,,140,rank_observed,30,,,3,,
budget,cube,Standard,true,128,128,4.6875,86166.78125,143.46875,,150,cem_final,10,,,,,
budget,cube,Perturbed,true,256,256,3.90625,86788.2890625,144.49609375,,150,cem_final,10,,,,,
budget,cube,Perturbed 1,true,128,128,4.6875,86166.78125,143.4375,,150,cem_final,10,,,,,
budget,cube,Perturbed 2,true,128,128,3.125,87409.796875,145.5546875,,150,cem_final,10,,,,,
budget,reacher,Standard,true,128,128,23.4375,141703.78125,235.5859375,,150,cem_final,10,,,,,
budget,reacher,Perturbed,true,256,256,23.4375,140085.515625,232.9140625,,150,cem_final,10,,,,,
budget,reacher,Perturbed 1,true,128,128,23.4375,140812.5625,234.1484375,,150,cem_final,10,,,,,
budget,reacher,Perturbed 2,true,128,128,23.4375,139358.46875,231.6796875,,150,cem_final,10,,,,,
budget,cube,Standard,true,128,128,3.90625,8809.90625,145.8046875,,150,cem_final,1,,,,,
budget,cube,Perturbed,true,256,256,1.953125,8927.875,147.79296875,,150,cem_final,1,,,,,
budget,cube,Perturbed 1,true,128,128,1.5625,8956.1875,148.265625,,150,cem_final,1,,,,,
budget,cube,Perturbed 2,true,128,128,2.34375,8899.5625,147.3203125,,150,cem_final,1,,,,,
budget,reacher,Standard,true,128,128,16.40625,15411.4375,254.828125,,150,cem_final,1,,,,,
budget,reacher,Perturbed,true,256,256,15.234375,15628.5,258.48828125,,150,cem_final,1,,,,,
budget,reacher,Perturbed 1,true,128,128,16.40625,15439.75,255.359375,,150,cem_final,1,,,,,
budget,reacher,Perturbed 2,true,128,128,14.0625,15817.25,261.6171875,,150,cem_final,1,,,,,
budget,cube,Standard,true,128,128,3.125,17608.5,146.2109375,,150,cem_final,2,,,,,
budget,cube,Perturbed,true,256,256,2.34375,17723.7265625,147.1796875,,150,cem_final,2,,,,,
budget,cube,Perturbed 1,true,128,128,2.34375,17749.59375,147.4140625,,150,cem_final,2,,,,,
budget,cube,Perturbed 2,true,128,128,2.34375,17697.859375,146.9453125,,150,cem_final,2,,,,,
budget,reacher,Standard,true,128,128,18.75,29991.828125,248.7421875,,150,cem_final,2,,,,,
budget,reacher,Perturbed,true,256,256,18.359375,30088.2421875,249.5703125,,150,cem_final,2,,,,,
budget,reacher,Perturbed 1,true,128,128,17.96875,30034.15625,249.1875,,150,cem_final,2,,,,,
budget,reacher,Perturbed 2,true,128,128,18.75,30142.328125,249.953125,,150,cem_final,2,,,,,
budget,cube,Standard,true,128,128,7.03125,252618.625,140.1953125,,150,cem_final,30,,,,,
budget,cube,Perturbed,true,256,256,2.734375,263167.84375,146.1328125,,150,cem_final,30,,,,,
budget,cube,Perturbed 1,true,128,128,2.34375,264082.109375,146.6484375,,150,cem_final,30,,,,,
budget,cube,Perturbed 2,true,128,128,3.125,262253.578125,145.6171875,,150,cem_final,30,,,,,
budget,reacher,Standard,true,128,128,25.78125,407762.46875,226.046875,,150,cem_final,30,,,,,
budget,reacher,Perturbed,true,256,256,22.65625,425309.3359375,235.8828125,,150,cem_final,30,,,,,
budget,reacher,Perturbed 1,true,128,128,21.875,428298.28125,237.5703125,,150,cem_final,30,,,,,
budget,reacher,Perturbed 2,true,128,128,23.4375,422320.390625,234.1953125,,150,cem_final,30,,,,,
budget,cube,Standard,true,128,128,3.125,43780.953125,145.6953125,,150,cem_final,5,,,,,
budget,cube,Perturbed,true,256,256,2.34375,44074.3125,146.6953125,,150,cem_final,5,,,,,
budget,cube,Perturbed 1,true,128,128,2.34375,44074.3125,146.6953125,,150,cem_final,5,,,,,
budget,cube,Perturbed 2,true,128,128,2.34375,44074.3125,146.6953125,,150,cem_final,5,,,,,
budget,reacher,Standard,true,128,128,24.21875,70112.890625,232.8984375,,150,cem_final,5,,,,,
budget,reacher,Perturbed,true,256,256,20.3125,72629.9140625,241.43359375,,150,cem_final,5,,,,,
budget,reacher,Perturbed 1,true,128,128,20.3125,72635.78125,241.3984375,,150,cem_final,5,,,,,
budget,reacher,Perturbed 2,true,128,128,20.3125,72624.046875,241.46875,,150,cem_final,5,,,,,
budget,cube,Standard,true,128,128,59.375,51268.53125,84.09375,,150,cem_learned,10,,,,,
budget,cube,Perturbed,true,256,256,35.15625,66970.3984375,110.94921875,,150,cem_learned,10,,,,,
budget,cube,Perturbed 1,true,128,128,34.375,67498.09375,111.8671875,,150,cem_learned,10,,,,,
budget,cube,Perturbed 2,true,128,128,35.9375,66442.703125,110.03125,,150,cem_learned,10,,,,,
budget,reacher,Standard,true,128,128,63.28125,121745.171875,201.40625,,150,cem_learned,10,,,,,
budget,reacher,Perturbed,true,256,256,60.546875,124735.4453125,206.6328125,,150,cem_learned,10,,,,,
budget,reacher,Perturbed 1,true,128,128,61.71875,124301.5625,205.8828125,,150,cem_learned,10,,,,,
budget,reacher,Perturbed 2,true,128,128,59.375,125169.328125,207.3828125,,150,cem_learned,10,,,,,
budget,cube,Standard,true,128,128,11.71875,8812.265625,145.734375,,150,cem_learned,1,,,,,
budget,cube,Perturbed,true,256,256,6.640625,8883.046875,146.97265625,,150,cem_learned,1,,,,,
budget,cube,Perturbed 1,true,128,128,8.59375,8883.046875,146.9140625,,150,cem_learned,1,,,,,
budget,cube,Perturbed 2,true,128,128,4.6875,8883.046875,147.03125,,150,cem_learned,1,,,,,
budget,reacher,Standard,true,128,128,48.4375,13658.421875,225.125,,150,cem_learned,1,,,,,
budget,reacher,Perturbed,true,256,256,50,13391.8125,220.88671875,,150,cem_learned,1,,,,,
budget,reacher,Perturbed 1,true,128,128,48.4375,13613.59375,224.53125,,150,cem_learned,1,,,,,
budget,reacher,Perturbed 2,true,128,128,51.5625,13170.03125,217.2421875,,150,cem_learned,1,,,,,
budget,cube,Standard,true,128,128,40.625,16465.640625,135.9453125,,150,cem_learned,2,,,,,
budget,cube,Perturbed,true,256,256,26.171875,16959.46875,140.4296875,,150,cem_learned,2,,,,,
budget,cube,Perturbed 1,true,128,128,25.78125,16898.328125,139.9140625,,150,cem_learned,2,,,,,
budget,cube,Perturbed 2,true,128,128,26.5625,17020.609375,140.9453125,,150,cem_learned,2,,,,,
budget,reacher,Standard,true,128,128,50.78125,26455.078125,218.5625,,150,cem_learned,2,,,,,
budget,reacher,Perturbed,true,256,256,53.90625,25754.3125,212.8515625,,150,cem_learned,2,,,,,
budget,reacher,Perturbed 1,true,128,128,52.34375,26149.375,216.21875,,150,cem_learned,2,,,,,
budget,reacher,Perturbed 2,true,128,128,55.46875,25359.25,209.484375,,150,cem_learned,2,,,,,
budget,cube,Standard,true,128,128,62.5,142273.796875,77.9140625,,150,cem_learned,30,,,,,
budget,cube,Perturbed,true,256,256,38.671875,191538.6484375,105.65234375,,150,cem_learned,30,,,,,
budget,cube,Perturbed 1,true,128,128,37.5,194597.921875,107.4140625,,150,cem_learned,30,,,,,
budget,cube,Perturbed 2,true,128,128,39.84375,188479.375,103.890625,,150,cem_learned,30,,,,,
budget,reacher,Standard,true,128,128,54.6875,393907.828125,217.9140625,,150,cem_learned,30,,,,,
budget,reacher,Perturbed,true,256,256,58.984375,379982.859375,210.0625,,150,cem_learned,30,,,,,
budget,reacher,Perturbed 1,true,128,128,57.03125,388914.53125,215.0078125,,150,cem_learned,30,,,,,
budget,reacher,Perturbed 2,true,128,128,60.9375,371051.1875,205.1171875,,150,cem_learned,30,,,,,
main,cube,Standard,true,128,128,62.5,142273.796875,77.9140625,,150,cem_learned,30,,,,,
main,cube,Perturbed,true,256,256,38.671875,191538.6484375,105.65234375,,150,cem_learned,30,,,,,
main,cube,Perturbed 1,true,128,128,37.5,194597.921875,107.4140625,,150,cem_learned,30,,,,,
main,cube,Perturbed 2,true,128,128,39.84375,188479.375,103.890625,,150,cem_learned,30,,,,,
main,reacher,Standard,true,128,128,54.6875,393907.828125,217.9140625,,150,cem_learned,30,,,,,
main,reacher,Perturbed,true,256,256,58.984375,379982.859375,210.0625,,150,cem_learned,30,,,,,
main,reacher,Perturbed 1,true,128,128,57.03125,388914.53125,215.0078125,,150,cem_learned,30,,,,,
main,reacher,Perturbed 2,true,128,128,60.9375,371051.1875,205.1171875,,150,cem_learned,30,,,,,
budget,cube,Standard,true,128,128,52.34375,30908.34375,102.0546875,,150,cem_learned,5,,,,,
budget,cube,Perturbed,true,256,256,33.984375,35613.828125,117.88671875,,150,cem_learned,5,,,,,
budget,cube,Perturbed 1,true,128,128,32.8125,35813.3125,118.5546875,,150,cem_learned,5,,,,,
budget,cube,Perturbed 2,true,128,128,35.15625,35414.34375,117.21875,,150,cem_learned,5,,,,,
budget,reacher,Standard,true,128,128,60.15625,61499.859375,203.453125,,150,cem_learned,5,,,,,
budget,reacher,Perturbed,true,256,256,59.765625,61922.296875,204.9765625,,150,cem_learned,5,,,,,
budget,reacher,Perturbed 1,true,128,128,61.71875,61628.9375,203.9453125,,150,cem_learned,5,,,,,
budget,reacher,Perturbed 2,true,128,128,57.8125,62215.65625,206.0078125,,150,cem_learned,5,,,,,
ablation,cube,Standard,true,128,128,46.875,170264.390625,93.59375,,150,cem_observed,30,true,,,,
ablation,cube,Perturbed,true,256,256,29.6875,206835.015625,114.28515625,,150,cem_observed,30,true,,,,
ablation,cube,Perturbed 1,true,128,128,29.6875,207538.296875,114.640625,,150,cem_observed,30,true,,,,
ablation,cube,Perturbed 2,true,128,128,29.6875,206131.734375,113.9296875,,150,cem_observed,30,true,,,,
ablation,reacher,Standard,true,128,128,75.78125,323579.703125,178.2734375,,150,cem_observed,30,true,,,,
ablation,reacher,Perturbed,true,256,256,78.90625,313171.140625,172.41015625,,150,cem_observed,30,true,,,,
ablation,reacher,Perturbed 1,true,128,128,82.8125,304380.125,167.28125,,150,cem_observed,30,true,,,,
ablation,reacher,Perturbed 2,true,128,128,75,321962.15625,177.5390625,,150,cem_observed,30,true,,,,
budget,cube,Standard,true,128,128,44.53125,59500.578125,98.296875,,150,cem_observed,10,,,,,
budget,cube,Perturbed,true,256,256,29.6875,69913.765625,115.78125,,150,cem_observed,10,,,,,
budget,cube,Perturbed 1,true,128,128,28.125,71227.140625,118.046875,,150,cem_observed,10,,,,,
budget,cube,Perturbed 2,true,128,128,31.25,68600.390625,113.515625,,150,cem_observed,10,,,,,
budget,reacher,Standard,true,128,128,85.9375,98315.5,162.2421875,,150,cem_observed,10,,,,,
budget,reacher,Perturbed,true,256,256,75.390625,107180.78125,177.21484375,,150,cem_observed,10,,,,,
budget,reacher,Perturbed 1,true,128,128,75,107860.921875,178.203125,,150,cem_observed,10,,,,,
budget,reacher,Perturbed 2,true,128,128,75.78125,106500.640625,176.2265625,,150,cem_observed,10,,,,,
budget,cube,Standard,true,128,128,10.9375,8623.515625,142.546875,,150,cem_observed,1,,,,,
budget,cube,Perturbed,true,256,256,7.03125,8812.265625,145.796875,,150,cem_observed,1,,,,,
budget,cube,Perturbed 1,true,128,128,9.375,8776.875,145.234375,,150,cem_observed,1,,,,,
budget,cube,Perturbed 2,true,128,128,4.6875,8847.65625,146.359375,,150,cem_observed,1,,,,,
budget,reacher,Standard,true,128,128,59.375,13460.234375,221.5859375,,150,cem_observed,1,,,,,
budget,reacher,Perturbed,true,256,256,56.640625,13508.6015625,222.546875,,150,cem_observed,1,,,,,
budget,reacher,Perturbed 1,true,128,128,63.28125,13068.578125,215.0546875,,150,cem_observed,1,,,,,
budget,reacher,Perturbed 2,true,128,128,50,13948.625,230.0390625,,150,cem_observed,1,,,,,
budget,cube,Standard,true,128,128,26.5625,16221.078125,134.2890625,,150,cem_observed,2,,,,,
budget,cube,Perturbed,true,256,256,15.625,16907.734375,140.12109375,,150,cem_observed,2,,,,,
budget,cube,Perturbed 1,true,128,128,14.84375,16851.296875,139.6328125,,150,cem_observed,2,,,,,
budget,cube,Perturbed 2,true,128,128,16.40625,16964.171875,140.609375,,150,cem_observed,2,,,,,
budget,reacher,Standard,true,128,128,64.84375,24493.875,202.0625,,150,cem_observed,2,,,,,
budget,reacher,Perturbed,true,256,256,67.1875,23771.9453125,196.2109375,,150,cem_observed,2,,,,,
budget,reacher,Perturbed 1,true,128,128,67.1875,23764.890625,196.1796875,,150,cem_observed,2,,,,,
budget,reacher,Perturbed 2,true,128,128,67.1875,23779,196.2421875,,150,cem_observed,2,,,,,
ablation,cube,Standard,true,128,128,39.0625,186228.875,102.6484375,,150,cem_observed,30,,0.1,,,
ablation,cube,Perturbed,true,256,256,25.390625,215555.703125,119.15625,,150,cem_observed,30,,0.1,,,
ablation,cube,Perturbed 1,true,128,128,25,215274.390625,119,,150,cem_observed,30,,0.1,,,
ablation,cube,Perturbed 2,true,128,128,25.78125,215837.015625,119.3125,,150,cem_observed,30,,0.1,,,
ablation,reacher,Standard,true,128,128,75.78125,332089.40625,183.078125,,150,cem_observed,30,,0.1,,,
ablation,reacher,Perturbed,true,256,256,76.171875,323298.390625,178.32421875,,150,cem_observed,30,,0.1,,,
ablation,reacher,Perturbed 1,true,128,128,76.5625,313593.109375,172.9140625,,150,cem_observed,30,,0.1,,,
ablation,reacher,Perturbed 2,true,128,128,75.78125,333003.671875,183.734375,,150,cem_observed,30,,0.1,,,
ablation,cube,Standard,true,128,128,39.0625,185806.90625,102.4453125,,150,cem_observed,30,,0.25,,,
ablation,cube,Perturbed,true,256,256,27.734375,210562.40625,116.37890625,,150,cem_observed,30,,0.25,,,
ablation,cube,Perturbed 1,true,128,128,27.34375,210632.734375,116.40625,,150,cem_observed,30,,0.25,,,
ablation,cube,Perturbed 2,true,128,128,28.125,210492.078125,116.3515625,,150,cem_observed,30,,0.25,,,
ablation,reacher,Standard,true,128,128,79.6875,324212.65625,178.7578125,,150,cem_observed,30,,0.25,,,
ablation,reacher,Perturbed,true,256,256,76.171875,328924.640625,181.3203125,,150,cem_observed,30,,0.25,,,
ablation,reacher,Perturbed 1,true,128,128,75.78125,328502.671875,180.9375,,150,cem_observed,30,,0.25,,,
ablation,reacher,Perturbed 2,true,128,128,76.5625,329346.609375,181.703125,,150,cem_observed,30,,0.25,,,
ablation,cube,Standard,true,128,128,43.75,175749.984375,96.7578125,,150,cem_observed,30,,0.5,,,
ablation,cube,Perturbed,true,256,256,30.078125,206166.8984375,113.859375,,150,cem_observed,30,,0.5,,,
ablation,cube,Perturbed 1,true,128,128,31.25,204232.875,112.6953125,,150,cem_observed,30,,0.5,,,
ablation,cube,Perturbed 2,true,128,128,28.90625,208100.921875,115.0234375,,150,cem_observed,30,,0.5,,,
ablation,reacher,Standard,true,128,128,76.5625,311201.953125,171.4765625,,150,cem_observed,30,,0.5,,,
ablation,reacher,Perturbed,true,256,256,76.171875,323650.03125,178.4765625,,150,cem_observed,30,,0.5,,,
ablation,reacher,Perturbed 1,true,128,128,75,329487.265625,181.703125,,150,cem_observed,30,,0.5,,,
ablation,reacher,Perturbed 2,true,128,128,77.34375,317812.796875,175.25,,150,cem_observed,30,,0.5,,,
ablation,cube,Standard,true,128,128,19.53125,224768.6875,124.5234375,,150,cem_observed,30,,,10,,
ablation,cube,Perturbed,true,256,256,15.625,235106.921875,130.3125,,150,cem_observed,30,,,10,,
ablation,cube,Perturbed 1,true,128,128,14.0625,237920.046875,131.9140625,,150,cem_observed,30,,,10,,
ablation,cube,Perturbed 2,true,128,128,17.1875,232293.796875,128.7109375,,150,cem_observed,30,,,10,,
ablation,reacher,Standard,true,128,128,87.5,286727.765625,157.75,,150,cem_observed,30,,,10,,
ablation,reacher,Perturbed,true,256,256,89.84375,283281.6875,155.70703125,,150,cem_observed,30,,,10,,
ablation,reacher,Perturbed 1,true,128,128,89.0625,287220.0625,157.8828125,,150,cem_observed,30,,,10,,
ablation,reacher,Perturbed 2,true,128,128,90.625,279343.3125,153.53125,,150,cem_observed,30,,,10,,
ablation,cube,Standard,true,128,128,43.75,210914.046875,116.1640625,,150,cem_observed,30,,,1,,
ablation,cube,Perturbed,true,256,256,31.25,229093.8671875,126.64453125,,150,cem_observed,30,,,1,,
ablation,cube,Perturbed 1,true,128,128,28.125,233137.734375,128.9296875,,150,cem_observed,30,,,1,,
ablation,cube,Perturbed 2,true,128,128,34.375,225050,124.359375,,150,cem_observed,30,,,1,,
ablation,reacher,Standard,true,128,128,50,455374.609375,251.890625,,150,cem_observed,30,,,1,,
ablation,reacher,Perturbed,true,256,256,44.921875,450592.296875,249.33203125,,150,cem_observed,30,,,1,,
ablation,reacher,Perturbed 1,true,128,128,46.09375,447286.875,247.484375,,150,cem_observed,30,,,1,,
ablation,reacher,Perturbed 2,true,128,128,43.75,453897.71875,251.1796875,,150,cem_observed,30,,,1,,
ablation,cube,Standard,true,128,128,61.71875,152612.03125,83.3984375,,150,cem_observed,30,,,3,,
ablation,cube,Perturbed,true,256,256,42.578125,190096.921875,104.7734375,,150,cem_observed,30,,,3,,
ablation,cube,Perturbed 1,true,128,128,40.625,194949.5625,107.4296875,,150,cem_observed,30,,,3,,
ablation,cube,Perturbed 2,true,128,128,44.53125,185244.28125,102.1171875,,150,cem_observed,30,,,3,,
ablation,reacher,Standard,true,128,128,91.40625,320344.609375,175.9765625,,150,cem_observed,30,,,3,,
ablation,reacher,Perturbed,true,256,256,90.625,319008.375,175.51953125,,150,cem_observed,30,,,3,,
ablation,reacher,Perturbed 1,true,128,128,92.1875,312256.875,171.859375,,150,cem_observed,30,,,3,,
ablation,reacher,Perturbed 2,true,128,128,89.0625,325759.875,179.1796875,,150,cem_observed,30,,,3,,
budget,cube,Standard,true,128,128,46.875,170264.390625,93.59375,,150,cem_observed,30,,,,,
budget,cube,Perturbed,true,256,256,29.6875,206835.015625,114.28515625,,150,cem_observed,30,,,,,
budget,cube,Perturbed 1,true,128,128,29.6875,207538.296875,114.640625,,150,cem_observed,30,,,,,
budget,cube,Perturbed 2,true,128,128,29.6875,206131.734375,113.9296875,,150,cem_observed,30,,,,,
budget,reacher,Standard,true,128,128,75.78125,323579.703125,178.2734375,,150,cem_observed,30,,,,,
budget,reacher,Perturbed,true,256,256,78.90625,313171.140625,172.41015625,,150,cem_observed,30,,,,,
budget,reacher,Perturbed 1,true,128,128,82.8125,304380.125,167.28125,,150,cem_observed,30,,,,,
budget,reacher,Perturbed 2,true,128,128,75,321962.15625,177.5390625,,150,cem_observed,30,,,,,
transport,cube,Standard,true,128,128,46.875,170264.390625,93.59375,,150,cem_observed,30,,,,,
transport,cube,Perturbed,true,256,256,29.6875,206835.015625,114.28515625,,150,cem_observed,30,,,,,
transport,cube,Perturbed 1,true,128,128,29.6875,207538.296875,114.640625,,150,cem_observed,30,,,,,
transport,cube,Perturbed 2,true,128,128,29.6875,206131.734375,113.9296875,,150,cem_observed,30,,,,,
transport,reacher,Standard,true,128,128,75.78125,323579.703125,178.2734375,,150,cem_observed,30,,,,,
transport,reacher,Perturbed,true,256,256,78.90625,313171.140625,172.41015625,,150,cem_observed,30,,,,,
transport,reacher,Perturbed 1,true,128,128,82.8125,304380.125,167.28125,,150,cem_observed,30,,,,,
transport,reacher,Perturbed 2,true,128,128,75,321962.15625,177.5390625,,150,cem_observed,30,,,,,
budget,cube,Standard,true,128,128,36.71875,34334.78125,113.546875,,150,cem_observed,5,,,,,
budget,cube,Perturbed,true,256,256,26.5625,37074.7578125,122.9453125,,150,cem_observed,5,,,,,
budget,cube,Perturbed 1,true,128,128,28.125,36587.78125,121.328125,,150,cem_observed,5,,,,,
budget,cube,Perturbed 2,true,128,128,25,37561.734375,124.5625,,150,cem_observed,5,,,,,
budget,reacher,Standard,true,128,128,78.90625,51842.46875,171,,150,cem_observed,5,,,,,
budget,reacher,Perturbed,true,256,256,75.78125,54670.453125,180.57421875,,150,cem_observed,5,,,,,
budget,reacher,Perturbed 1,true,128,128,75,55092.890625,181.9921875,,150,cem_observed,5,,,,,
budget,reacher,Perturbed 2,true,128,128,76.5625,54248.015625,179.15625,,150,cem_observed,5,,,,,
transport,cube,Standard,true,128,128,37.5,193402.34375,106.6015625,,150,cem_transport,30,,,,,
transport,cube,Perturbed,true,256,256,23.828125,223256.6328125,123.53125,,150,cem_transport,30,,,,,
transport,cube,Perturbed 1,true,128,128,25.78125,219423.75,121.359375,,150,cem_transport,30,,,,,
transport,cube,Perturbed 2,true,128,128,21.875,227089.515625,125.703125,,150,cem_transport,30,,,,,
transport,reacher,Standard,true,128,128,81.25,306560.296875,168.8984375,,150,cem_transport,30,,,,,
transport,reacher,Perturbed,true,256,256,80.46875,310498.671875,171.08203125,,150,cem_transport,30,,,,,
transport,reacher,Perturbed 1,true,128,128,77.34375,322243.46875,177.6953125,,150,cem_transport,30,,,,,
transport,reacher,Perturbed 2,true,128,128,83.59375,298753.875,164.46875,,150,cem_transport,30,,,,,
main,cube,Standard,true,128,128,91.40625,79.3125,47.734375,,150,rank_learned,30,,,,,
main,cube,Perturbed,true,256,256,50,149.53125,92.40234375,,150,rank_learned,30,,,,,
main,cube,Perturbed 1,true,128,128,50.78125,149,92.03125,,150,rank_learned,30,,,,,
main,cube,Perturbed 2,true,128,128,49.21875,150.0625,92.7734375,,150,rank_learned,30,,,,,
main,reacher,Standard,true,128,128,95.3125,243.1875,150.1796875,,150,rank_learned,30,,,,,
main,reacher,Perturbed,true,256,256,96.875,230.03125,141.84765625,,150,rank_learned,30,,,,,
main,reacher,Perturbed 1,true,128,128,96.875,232,142.9453125,,150,rank_learned,30,,,,,
main,reacher,Perturbed 2,true,128,128,96.875,228.0625,140.75,,150,rank_learned,30,,,,,
ablation,cube,Standard,true,128,128,73.4375,104.9375,63.953125,,150,rank_observed,30,true,,,,
ablation,cube,Perturbed,true,256,256,45.703125,154.6875,95.9375,,150,rank_observed,30,true,,,,
ablation,cube,Perturbed 1,true,128,128,43.75,158.375,98.2890625,,150,rank_observed,30,true,,,,
ablation,cube,Perturbed 2,true,128,128,47.65625,151,93.5859375,,150,rank_observed,30,true,,,,
ablation,reacher,Standard,true,128,128,96.875,237.25,146.515625,,150,rank_observed,30,true,,,,
ablation,reacher,Perturbed,true,256,256,95.703125,236.96875,146.3203125,,150,rank_observed,30,true,,,,
ablation,reacher,Perturbed 1,true,128,128,96.09375,236.9375,146.3125,,150,rank_observed,30,true,,,,
ablation,reacher,Perturbed 2,true,128,128,95.3125,237,146.328125,,150,rank_observed,30,true,,,,
ablation,cube,Standard,true,128,128,73.4375,105.5,64.328125,,150,rank_observed,30,,,,no_delta,
ablation,cube,Perturbed,true,256,256,45.703125,155.09375,96.12890625,,150,rank_observed,30,,,,no_delta,
ablation,cube,Perturbed 1,true,128,128,43.75,158.5,98.328125,,150,rank_observed,30,,,,no_delta,
ablation,cube,Perturbed 2,true,128,128,47.65625,151.6875,93.9296875,,150,rank_observed,30,,,,no_delta,
ablation,reacher,Standard,true,128,128,96.09375,238.1875,147.0234375,,150,rank_observed,30,,,,no_delta,
ablation,reacher,Perturbed,true,256,256,97.65625,228.03125,140.75390625,,150,rank_observed,30,,,,no_delta,
ablation,reacher,Perturbed 1,true,128,128,96.875,233.6875,144.4296875,,150,rank_observed,30,,,,no_delta,
ablation,reacher,Perturbed 2,true,128,128,98.4375,222.375,137.078125,,150,rank_observed,30,,,,no_delta,
ablation,cube,Standard,true,128,128,81.25,94.75,57.640625,,150,rank_observed,30,,,,no_far,
ablation,cube,Perturbed,true,256,256,46.484375,153.96875,95.34375,,150,rank_observed,30,,,,no_far,
ablation,cube,Perturbed 1,true,128,128,44.53125,157.25,97.3515625,,150,rank_observed,30,,,,no_far,
ablation,cube,Perturbed 2,true,128,128,48.4375,150.6875,93.3359375,,150,rank_observed,30,,,,no_far,
ablation,reacher,Standard,true,128,128,94.53125,240.3125,148.28125,,150,rank_observed,30,,,,no_far,
ablation,reacher,Perturbed,true,256,256,94.53125,243.28125,150.21484375,,150,rank_observed,30,,,,no_far,
ablation,reacher,Perturbed 1,true,128,128,95.3125,238.4375,147.171875,,150,rank_observed,30,,,,no_far,
ablation,reacher,Perturbed 2,true,128,128,93.75,248.125,153.2578125,,150,rank_observed,30,,,,no_far,
ablation,cube,Standard,true,128,128,63.28125,124.5,76.625,,150,rank_observed,30,,0.1,,,
ablation,cube,Perturbed,true,256,256,42.1875,161.46875,100.15625,,150,rank_observed,30,,0.1,,,
ablation,cube,Perturbed 1,true,128,128,39.84375,166.3125,103.1796875,,150,rank_observed,30,,0.1,,,
ablation,cube,Perturbed 2,true,128,128,44.53125,156.625,97.1328125,,150,rank_observed,30,,0.1,,,
ablation,reacher,Standard,true,128,128,94.53125,252.8125,156.1171875,,150,rank_observed,30,,0.1,,,
ablation,reacher,Perturbed,true,256,256,94.53125,244.96875,151.46875,,150,rank_observed,30,,0.1,,,
ablation,reacher,Perturbed 1,true,128,128,94.53125,246.5625,152.4453125,,150,rank_observed,30,,0.1,,,
ablation,reacher,Perturbed 2,true,128,128,94.53125,243.375,150.4921875,,150,rank_observed,30,,0.1,,,
ablation,cube,Standard,true,128,128,67.1875,114.6875,70.3203125,,150,rank_observed,30,,0.25,,,
ablation,cube,Perturbed,true,256,256,44.140625,157.5625,97.6015625,,150,rank_observed,30,,0.25,,,
ablation,cube,Perturbed 1,true,128,128,42.1875,160.3125,99.375,,150,rank_observed,30,,0.25,,,
ablation,cube,Perturbed 2,true,128,128,46.09375,154.8125,95.828125,,150,rank_observed,30,,0.25,,,
ablation,reacher,Standard,true,128,128,96.09375,234.25,144.7890625,,150,rank_observed,30,,0.25,,,
ablation,reacher,Perturbed,true,256,256,95.703125,236.78125,146.16015625,,150,rank_observed,30,,0.25,,,
ablation,reacher,Perturbed 1,true,128,128,94.53125,231.6875,143.015625,,150,rank_observed,30,,0.25,,,
ablation,reacher,Perturbed 2,true,128,128,96.875,241.875,149.3046875,,150,rank_observed,30,,0.25,,,
ablation,cube,Standard,true,128,128,73.4375,104.625,63.9609375,,150,rank_observed,30,,0.5,,,
ablation,cube,Perturbed,true,256,256,45.3125,154.9375,96,,150,rank_observed,30,,0.5,,,
ablation,cube,Perturbed 1,true,128,128,43.75,157.5625,97.734375,,150,rank_observed,30,,0.5,,,
ablation,cube,Perturbed 2,true,128,128,46.875,152.3125,94.265625,,150,rank_observed,30,,0.5,,,
ablation,reacher,Standard,true,128,128,93.75,252.25,155.8125,,150,rank_observed,30,,0.5,,,
ablation,reacher,Perturbed,true,256,256,95.703125,240.46875,148.484375,,150,rank_observed,30,,0.5,,,
ablation,reacher,Perturbed 1,true,128,128,95.3125,242.1875,149.5625,,150,rank_observed,30,,0.5,,,
ablation,reacher,Perturbed 2,true,128,128,96.09375,238.75,147.40625,,150,rank_observed,30,,0.5,,,
ablation,cube,Standard,true,128,128,4.6875,233.8125,146.078125,,150,rank_observed,30,,,,,fixed
ablation,cube,Perturbed,true,256,256,3.125,234.21875,146.359375,,150,rank_observed,30,,,,,fixed
ablation,cube,Perturbed 1,true,128,128,1.5625,236.4375,147.765625,,150,rank_observed,30,,,,,fixed
ablation,cube,Perturbed 2,true,128,128,4.6875,232,144.953125,,150,rank_observed,30,,,,,fixed
ablation,reacher,Standard,true,128,128,12.5,437.6875,273.2578125,,150,rank_observed,30,,,,,fixed
ablation,reacher,Perturbed,true,256,256,19.140625,417.78125,260.72265625,,150,rank_observed,30,,,,,fixed
ablation,reacher,Perturbed 1,true,128,128,19.53125,420,261.9921875,,150,rank_observed,30,,,,,fixed
ablation,reacher,Perturbed 2,true,128,128,18.75,415.5625,259.453125,,150,rank_observed,30,,,,,fixed
ablation,cube,Standard,true,128,128,71.09375,103.5,63.234375,,150,rank_observed,30,,,10,,
ablation,cube,Perturbed,true,256,256,44.140625,154.15625,95.45703125,,150,rank_observed,30,,,10,,
ablation,cube,Perturbed 1,true,128,128,42.1875,158.375,98.09375,,150,rank_observed,30,,,10,,
ablation,cube,Perturbed 2,true,128,128,46.09375,149.9375,92.8203125,,150,rank_observed,30,,,10,,
ablation,reacher,Standard,true,128,128,96.875,223.25,137.5625,,150,rank_observed,30,,,10,,
ablation,reacher,Perturbed,true,256,256,95.703125,228,140.6484375,,150,rank_observed,30,,,10,,
ablation,reacher,Perturbed 1,true,128,128,95.3125,228.25,140.8359375,,150,rank_observed,30,,,10,,
ablation,reacher,Perturbed 2,true,128,128,96.09375,227.75,140.4609375,,150,rank_observed,30,,,10,,
ablation,cube,Standard,true,128,128,71.875,120.5625,73.8359375,,150,rank_observed,30,,,1,,
ablation,cube,Perturbed,true,256,256,44.53125,165.8125,102.76171875,,150,rank_observed,30,,,1,,
ablation,cube,Perturbed 1,true,128,128,41.40625,170.3125,105.7265625,,150,rank_observed,30,,,1,,
ablation,cube,Perturbed 2,true,128,128,47.65625,161.3125,99.796875,,150,rank_observed,30,,,1,,
ablation,reacher,Standard,true,128,128,93.75,272.0625,168.296875,,150,rank_observed,30,,,1,,
ablation,reacher,Perturbed,true,256,256,94.921875,268.21875,165.73046875,,150,rank_observed,30,,,1,,
ablation,reacher,Perturbed 1,true,128,128,92.1875,274.125,169.5,,150,rank_observed,30,,,1,,
ablation,reacher,Perturbed 2,true,128,128,97.65625,262.3125,161.9609375,,150,rank_observed,30,,,1,,
ablation,cube,Standard,true,128,128,71.09375,114.75,70.296875,,150,rank_observed,30,,,3,,
ablation,cube,Perturbed,true,256,256,44.921875,159.75,98.90625,,150,rank_observed,30,,,3,,
ablation,cube,Perturbed 1,true,128,128,42.96875,163.5,101.390625,,150,rank_observed,30,,,3,,
ablation,cube,Perturbed 2,true,128,128,46.875,156,96.421875,,150,rank_observed,30,,,3,,
ablation,reacher,Standard,true,128,128,95.3125,245.125,151.328125,,150,rank_observed,30,,,3,,
ablation,reacher,Perturbed,true,256,256,96.09375,245.53125,151.62109375,,150,rank_observed,30,,,3,,
ablation,reacher,Perturbed 1,true,128,128,96.09375,246.6875,152.34375,,150,rank_observed,30,,,3,,
ablation,reacher,Perturbed 2,true,128,128,96.09375,244.375,150.8984375,,150,rank_observed,30,,,3,,
