source_table,source_line,column,published_cell,study
anchor_transport_rates_main.tex,6,1,,additional anchor queries; Box projection
anchor_transport_rates_main.tex,6,2,\multicolumn{2}{c}{Standard},additional anchor queries; Box projection
anchor_transport_rates_main.tex,6,3,\multicolumn{2}{c}{Perturbed},additional anchor queries; Box projection
anchor_transport_rates_main.tex,8,1,Task,additional anchor queries; Box projection
anchor_transport_rates_main.tex,8,2,{Anchored},additional anchor queries; Box projection
anchor_transport_rates_main.tex,8,3,{Transported},additional anchor queries; Box projection
anchor_transport_rates_main.tex,8,4,{Anchored},additional anchor queries; Box projection
anchor_transport_rates_main.tex,8,5,{Transported},additional anchor queries; Box projection
anchor_transport_rates_main.tex,10,1,Cube,additional anchor queries; Box projection
anchor_transport_rates_main.tex,10,2,\bfseries 50.0,additional anchor queries; Box projection
anchor_transport_rates_main.tex,10,3,47.7,additional anchor queries; Box projection
anchor_transport_rates_main.tex,10,4,\bfseries 34.4,additional anchor queries; Box projection
anchor_transport_rates_main.tex,10,5,28.5,additional anchor queries; Box projection
anchor_transport_rates_main.tex,11,1,PushT,additional anchor queries; Box projection
anchor_transport_rates_main.tex,11,2,\bfseries 72.7,additional anchor queries; Box projection
anchor_transport_rates_main.tex,11,3,63.3,additional anchor queries; Box projection
anchor_transport_rates_main.tex,11,4,\bfseries 68.0,additional anchor queries; Box projection
anchor_transport_rates_main.tex,11,5,45.7,additional anchor queries; Box projection
anchor_transport_rates_main.tex,12,1,Reacher,additional anchor queries; Box projection
anchor_transport_rates_main.tex,12,2,76.6,additional anchor queries; Box projection
anchor_transport_rates_main.tex,12,3,\bfseries 78.9,additional anchor queries; Box projection
anchor_transport_rates_main.tex,12,4,71.9,additional anchor queries; Box projection
anchor_transport_rates_main.tex,12,5,\bfseries 76.2,additional anchor queries; Box projection
anchor_transport_rates_main.tex,13,1,TwoRoom,additional anchor queries; Box projection
anchor_transport_rates_main.tex,13,2,\bfseries 38.3,additional anchor queries; Box projection
anchor_transport_rates_main.tex,13,3,28.1,additional anchor queries; Box projection
anchor_transport_rates_main.tex,13,4,\bfseries 36.7,additional anchor queries; Box projection
anchor_transport_rates_main.tex,13,5,26.2,additional anchor queries; Box projection
anchor_transport_rates_main.tex,15,1,Mean,additional anchor queries; Box projection
anchor_transport_rates_main.tex,15,2,\bfseries 59.4,additional anchor queries; Box projection
anchor_transport_rates_main.tex,15,3,54.5,additional anchor queries; Box projection
anchor_transport_rates_main.tex,15,4,\bfseries 52.7,additional anchor queries; Box projection
anchor_transport_rates_main.tex,15,5,44.1,additional anchor queries; Box projection
anchor_transport_rates_full.tex,6,1,Task,additional anchor queries; Box projection
anchor_transport_rates_full.tex,6,2,Start,additional anchor queries; Box projection
anchor_transport_rates_full.tex,6,3,{Anchored},additional anchor queries; Box projection
anchor_transport_rates_full.tex,6,4,{Transported},additional anchor queries; Box projection
anchor_transport_rates_full.tex,8,1,Cube,additional anchor queries; Box projection
anchor_transport_rates_full.tex,8,2,Standard,additional anchor queries; Box projection
anchor_transport_rates_full.tex,8,3,\bfseries 50.0,additional anchor queries; Box projection
anchor_transport_rates_full.tex,8,4,47.7,additional anchor queries; Box projection
anchor_transport_rates_full.tex,9,1,,additional anchor queries; Box projection
anchor_transport_rates_full.tex,9,2,Perturbed 1,additional anchor queries; Box projection
anchor_transport_rates_full.tex,9,3,\bfseries 36.7,additional anchor queries; Box projection
anchor_transport_rates_full.tex,9,4,32.8,additional anchor queries; Box projection
anchor_transport_rates_full.tex,10,1,,additional anchor queries; Box projection
anchor_transport_rates_full.tex,10,2,Perturbed 2,additional anchor queries; Box projection
anchor_transport_rates_full.tex,10,3,\bfseries 32.0,additional anchor queries; Box projection
anchor_transport_rates_full.tex,10,4,24.2,additional anchor queries; Box projection
anchor_transport_rates_full.tex,12,1,PushT,additional anchor queries; Box projection
anchor_transport_rates_full.tex,12,2,Standard,additional anchor queries; Box projection
anchor_transport_rates_full.tex,12,3,\bfseries 72.7,additional anchor queries; Box projection
anchor_transport_rates_full.tex,12,4,63.3,additional anchor queries; Box projection
anchor_transport_rates_full.tex,13,1,,additional anchor queries; Box projection
anchor_transport_rates_full.tex,13,2,Perturbed 1,additional anchor queries; Box projection
anchor_transport_rates_full.tex,13,3,\bfseries 66.4,additional anchor queries; Box projection
anchor_transport_rates_full.tex,13,4,45.3,additional anchor queries; Box projection
anchor_transport_rates_full.tex,14,1,,additional anchor queries; Box projection
anchor_transport_rates_full.tex,14,2,Perturbed 2,additional anchor queries; Box projection
anchor_transport_rates_full.tex,14,3,\bfseries 69.5,additional anchor queries; Box projection
anchor_transport_rates_full.tex,14,4,46.1,additional anchor queries; Box projection
anchor_transport_rates_full.tex,16,1,Reacher,additional anchor queries; Box projection
anchor_transport_rates_full.tex,16,2,Standard,additional anchor queries; Box projection
anchor_transport_rates_full.tex,16,3,76.6,additional anchor queries; Box projection
anchor_transport_rates_full.tex,16,4,\bfseries 78.9,additional anchor queries; Box projection
anchor_transport_rates_full.tex,17,1,,additional anchor queries; Box projection
anchor_transport_rates_full.tex,17,2,Perturbed 1,additional anchor queries; Box projection
anchor_transport_rates_full.tex,17,3,71.9,additional anchor queries; Box projection
anchor_transport_rates_full.tex,17,4,\bfseries 77.3,additional anchor queries; Box projection
anchor_transport_rates_full.tex,18,1,,additional anchor queries; Box projection
anchor_transport_rates_full.tex,18,2,Perturbed 2,additional anchor queries; Box projection
anchor_transport_rates_full.tex,18,3,71.9,additional anchor queries; Box projection
anchor_transport_rates_full.tex,18,4,\bfseries 75.0,additional anchor queries; Box projection
anchor_transport_rates_full.tex,20,1,TwoRoom,additional anchor queries; Box projection
anchor_transport_rates_full.tex,20,2,Standard,additional anchor queries; Box projection
anchor_transport_rates_full.tex,20,3,\bfseries 38.3,additional anchor queries; Box projection
anchor_transport_rates_full.tex,20,4,28.1,additional anchor queries; Box projection
anchor_transport_rates_full.tex,21,1,,additional anchor queries; Box projection
anchor_transport_rates_full.tex,21,2,Perturbed 1,additional anchor queries; Box projection
anchor_transport_rates_full.tex,21,3,\bfseries 37.5,additional anchor queries; Box projection
anchor_transport_rates_full.tex,21,4,27.3,additional anchor queries; Box projection
anchor_transport_rates_full.tex,22,1,,additional anchor queries; Box projection
anchor_transport_rates_full.tex,22,2,Perturbed 2,additional anchor queries; Box projection
anchor_transport_rates_full.tex,22,3,\bfseries 35.9,additional anchor queries; Box projection
anchor_transport_rates_full.tex,22,4,25.0,additional anchor queries; Box projection
historical_record_controllers.tex,6,1,,supporting queries; no external Box projection
historical_record_controllers.tex,6,2,,supporting queries; no external Box projection
historical_record_controllers.tex,6,3,\multicolumn{4}{c}{Success (\%)},supporting queries; no external Box projection
historical_record_controllers.tex,8,1,Task,supporting queries; no external Box projection
historical_record_controllers.tex,8,2,Start,supporting queries; no external Box projection
historical_record_controllers.tex,8,3,Direct,supporting queries; no external Box projection
historical_record_controllers.tex,8,4,Displacement,supporting queries; no external Box projection
historical_record_controllers.tex,8,5,AP-rank,supporting queries; no external Box projection
historical_record_controllers.tex,8,6,\shortstack{Final-goal\\rank},supporting queries; no external Box projection
historical_record_controllers.tex,10,1,Cube,supporting queries; no external Box projection
historical_record_controllers.tex,10,2,Standard,supporting queries; no external Box projection
historical_record_controllers.tex,10,3,\textbf{78.1},supporting queries; no external Box projection
historical_record_controllers.tex,10,4,\textbf{78.1},supporting queries; no external Box projection
historical_record_controllers.tex,10,5,71.1,supporting queries; no external Box projection
historical_record_controllers.tex,10,6,64.8,supporting queries; no external Box projection
historical_record_controllers.tex,11,1,,supporting queries; no external Box projection
historical_record_controllers.tex,11,2,Perturbed 1,supporting queries; no external Box projection
historical_record_controllers.tex,11,3,\textbf{45.3},supporting queries; no external Box projection
historical_record_controllers.tex,11,4,43.0,supporting queries; no external Box projection
historical_record_controllers.tex,11,5,40.6,supporting queries; no external Box projection
historical_record_controllers.tex,11,6,43.0,supporting queries; no external Box projection
historical_record_controllers.tex,12,1,,supporting queries; no external Box projection
historical_record_controllers.tex,12,2,Perturbed 2,supporting queries; no external Box projection
historical_record_controllers.tex,12,3,\textbf{47.7},supporting queries; no external Box projection
historical_record_controllers.tex,12,4,46.9,supporting queries; no external Box projection
historical_record_controllers.tex,12,5,46.1,supporting queries; no external Box projection
historical_record_controllers.tex,12,6,39.8,supporting queries; no external Box projection
historical_record_controllers.tex,14,1,PushT,supporting queries; no external Box projection
historical_record_controllers.tex,14,2,Standard,supporting queries; no external Box projection
historical_record_controllers.tex,14,3,70.3,supporting queries; no external Box projection
historical_record_controllers.tex,14,4,64.8,supporting queries; no external Box projection
historical_record_controllers.tex,14,5,\textbf{78.1},supporting queries; no external Box projection
historical_record_controllers.tex,14,6,25.8,supporting queries; no external Box projection
historical_record_controllers.tex,15,1,,supporting queries; no external Box projection
historical_record_controllers.tex,15,2,Perturbed 1,supporting queries; no external Box projection
historical_record_controllers.tex,15,3,23.4,supporting queries; no external Box projection
historical_record_controllers.tex,15,4,31.3,supporting queries; no external Box projection
historical_record_controllers.tex,15,5,\textbf{53.9},supporting queries; no external Box projection
historical_record_controllers.tex,15,6,8.6,supporting queries; no external Box projection
historical_record_controllers.tex,16,1,,supporting queries; no external Box projection
historical_record_controllers.tex,16,2,Perturbed 2,supporting queries; no external Box projection
historical_record_controllers.tex,16,3,21.9,supporting queries; no external Box projection
historical_record_controllers.tex,16,4,34.4,supporting queries; no external Box projection
historical_record_controllers.tex,16,5,\textbf{44.5},supporting queries; no external Box projection
historical_record_controllers.tex,16,6,9.4,supporting queries; no external Box projection
historical_record_controllers.tex,18,1,Reacher,supporting queries; no external Box projection
historical_record_controllers.tex,18,2,Standard,supporting queries; no external Box projection
historical_record_controllers.tex,18,3,\textbf{96.1},supporting queries; no external Box projection
historical_record_controllers.tex,18,4,94.5,supporting queries; no external Box projection
historical_record_controllers.tex,18,5,95.3,supporting queries; no external Box projection
historical_record_controllers.tex,18,6,92.2,supporting queries; no external Box projection
historical_record_controllers.tex,19,1,,supporting queries; no external Box projection
historical_record_controllers.tex,19,2,Perturbed 1,supporting queries; no external Box projection
historical_record_controllers.tex,19,3,\textbf{98.4},supporting queries; no external Box projection
historical_record_controllers.tex,19,4,96.1,supporting queries; no external Box projection
historical_record_controllers.tex,19,5,\textbf{98.4},supporting queries; no external Box projection
historical_record_controllers.tex,19,6,89.8,supporting queries; no external Box projection
historical_record_controllers.tex,20,1,,supporting queries; no external Box projection
historical_record_controllers.tex,20,2,Perturbed 2,supporting queries; no external Box projection
historical_record_controllers.tex,20,3,\textbf{96.1},supporting queries; no external Box projection
historical_record_controllers.tex,20,4,93.0,supporting queries; no external Box projection
historical_record_controllers.tex,20,5,93.0,supporting queries; no external Box projection
historical_record_controllers.tex,20,6,87.5,supporting queries; no external Box projection
historical_record_controllers.tex,22,1,TwoRoom,supporting queries; no external Box projection
historical_record_controllers.tex,22,2,Standard,supporting queries; no external Box projection
historical_record_controllers.tex,22,3,\textbf{100.0},supporting queries; no external Box projection
historical_record_controllers.tex,22,4,99.2,supporting queries; no external Box projection
historical_record_controllers.tex,22,5,\textbf{100.0},supporting queries; no external Box projection
historical_record_controllers.tex,22,6,85.2,supporting queries; no external Box projection
historical_record_controllers.tex,23,1,,supporting queries; no external Box projection
historical_record_controllers.tex,23,2,Perturbed 1,supporting queries; no external Box projection
historical_record_controllers.tex,23,3,99.2,supporting queries; no external Box projection
historical_record_controllers.tex,23,4,99.2,supporting queries; no external Box projection
historical_record_controllers.tex,23,5,\textbf{100.0},supporting queries; no external Box projection
historical_record_controllers.tex,23,6,88.3,supporting queries; no external Box projection
historical_record_controllers.tex,24,1,,supporting queries; no external Box projection
historical_record_controllers.tex,24,2,Perturbed 2,supporting queries; no external Box projection
historical_record_controllers.tex,24,3,\textbf{100.0},supporting queries; no external Box projection
historical_record_controllers.tex,24,4,\textbf{100.0},supporting queries; no external Box projection
historical_record_controllers.tex,24,5,99.2,supporting queries; no external Box projection
historical_record_controllers.tex,24,6,88.3,supporting queries; no external Box projection
exact_first_block_rates.tex,6,1,,supporting queries; no external Box projection
exact_first_block_rates.tex,6,2,,supporting queries; no external Box projection
exact_first_block_rates.tex,6,3,\multicolumn{6}{c}{Success (\%)},supporting queries; no external Box projection
exact_first_block_rates.tex,8,1,Task,supporting queries; no external Box projection
exact_first_block_rates.tex,8,2,Start,supporting queries; no external Box projection
exact_first_block_rates.tex,8,3,Direct,supporting queries; no external Box projection
exact_first_block_rates.tex,8,4,\multicolumn{2}{c}{Predictor},supporting queries; no external Box projection
exact_first_block_rates.tex,8,5,\multicolumn{2}{c}{Simulator},supporting queries; no external Box projection
exact_first_block_rates.tex,8,6,Displacement,supporting queries; no external Box projection
exact_first_block_rates.tex,10,1,,supporting queries; no external Box projection
exact_first_block_rates.tex,10,2,,supporting queries; no external Box projection
exact_first_block_rates.tex,10,3,,supporting queries; no external Box projection
exact_first_block_rates.tex,10,4,Observed,supporting queries; no external Box projection
exact_first_block_rates.tex,10,5,Final,supporting queries; no external Box projection
exact_first_block_rates.tex,10,6,Observed,supporting queries; no external Box projection
exact_first_block_rates.tex,10,7,Final,supporting queries; no external Box projection
exact_first_block_rates.tex,10,8,Observed,supporting queries; no external Box projection
exact_first_block_rates.tex,12,1,Cube,supporting queries; no external Box projection
exact_first_block_rates.tex,12,2,Standard,supporting queries; no external Box projection
exact_first_block_rates.tex,12,3,78.1,supporting queries; no external Box projection
exact_first_block_rates.tex,12,4,\textbf{75.0},supporting queries; no external Box projection
exact_first_block_rates.tex,12,5,72.7,supporting queries; no external Box projection
exact_first_block_rates.tex,12,6,\textbf{74.2},supporting queries; no external Box projection
exact_first_block_rates.tex,12,7,70.3,supporting queries; no external Box projection
exact_first_block_rates.tex,12,8,76.6,supporting queries; no external Box projection
exact_first_block_rates.tex,13,1,,supporting queries; no external Box projection
exact_first_block_rates.tex,13,2,Perturbed 1,supporting queries; no external Box projection
exact_first_block_rates.tex,13,3,45.3,supporting queries; no external Box projection
exact_first_block_rates.tex,13,4,\textbf{44.5},supporting queries; no external Box projection
exact_first_block_rates.tex,13,5,43.0,supporting queries; no external Box projection
exact_first_block_rates.tex,13,6,\textbf{44.5},supporting queries; no external Box projection
exact_first_block_rates.tex,13,7,43.0,supporting queries; no external Box projection
exact_first_block_rates.tex,13,8,45.3,supporting queries; no external Box projection
exact_first_block_rates.tex,14,1,,supporting queries; no external Box projection
exact_first_block_rates.tex,14,2,Perturbed 2,supporting queries; no external Box projection
exact_first_block_rates.tex,14,3,47.7,supporting queries; no external Box projection
exact_first_block_rates.tex,14,4,\textbf{46.9},supporting queries; no external Box projection
exact_first_block_rates.tex,14,5,42.2,supporting queries; no external Box projection
exact_first_block_rates.tex,14,6,\textbf{48.4},supporting queries; no external Box projection
exact_first_block_rates.tex,14,7,44.5,supporting queries; no external Box projection
exact_first_block_rates.tex,14,8,49.2,supporting queries; no external Box projection
exact_first_block_rates.tex,16,1,PushT,supporting queries; no external Box projection
exact_first_block_rates.tex,16,2,Standard,supporting queries; no external Box projection
exact_first_block_rates.tex,16,3,70.3,supporting queries; no external Box projection
exact_first_block_rates.tex,16,4,\textbf{68.0},supporting queries; no external Box projection
exact_first_block_rates.tex,16,5,51.6,supporting queries; no external Box projection
exact_first_block_rates.tex,16,6,\textbf{74.2},supporting queries; no external Box projection
exact_first_block_rates.tex,16,7,53.9,supporting queries; no external Box projection
exact_first_block_rates.tex,16,8,68.0,supporting queries; no external Box projection
exact_first_block_rates.tex,17,1,,supporting queries; no external Box projection
exact_first_block_rates.tex,17,2,Perturbed 1,supporting queries; no external Box projection
exact_first_block_rates.tex,17,3,23.4,supporting queries; no external Box projection
exact_first_block_rates.tex,17,4,\textbf{26.6},supporting queries; no external Box projection
exact_first_block_rates.tex,17,5,\textbf{26.6},supporting queries; no external Box projection
exact_first_block_rates.tex,17,6,23.4,supporting queries; no external Box projection
exact_first_block_rates.tex,17,7,\textbf{25.0},supporting queries; no external Box projection
exact_first_block_rates.tex,17,8,30.5,supporting queries; no external Box projection
exact_first_block_rates.tex,18,1,,supporting queries; no external Box projection
exact_first_block_rates.tex,18,2,Perturbed 2,supporting queries; no external Box projection
exact_first_block_rates.tex,18,3,21.9,supporting queries; no external Box projection
exact_first_block_rates.tex,18,4,\textbf{23.4},supporting queries; no external Box projection
exact_first_block_rates.tex,18,5,18.8,supporting queries; no external Box projection
exact_first_block_rates.tex,18,6,\textbf{25.8},supporting queries; no external Box projection
exact_first_block_rates.tex,18,7,20.3,supporting queries; no external Box projection
exact_first_block_rates.tex,18,8,24.2,supporting queries; no external Box projection
exact_first_block_rates.tex,20,1,Reacher,supporting queries; no external Box projection
exact_first_block_rates.tex,20,2,Standard,supporting queries; no external Box projection
exact_first_block_rates.tex,20,3,96.1,supporting queries; no external Box projection
exact_first_block_rates.tex,20,4,\textbf{96.1},supporting queries; no external Box projection
exact_first_block_rates.tex,20,5,95.3,supporting queries; no external Box projection
exact_first_block_rates.tex,20,6,\textbf{96.1},supporting queries; no external Box projection
exact_first_block_rates.tex,20,7,94.5,supporting queries; no external Box projection
exact_first_block_rates.tex,20,8,95.3,supporting queries; no external Box projection
exact_first_block_rates.tex,21,1,,supporting queries; no external Box projection
exact_first_block_rates.tex,21,2,Perturbed 1,supporting queries; no external Box projection
exact_first_block_rates.tex,21,3,98.4,supporting queries; no external Box projection
exact_first_block_rates.tex,21,4,96.1,supporting queries; no external Box projection
exact_first_block_rates.tex,21,5,\textbf{96.9},supporting queries; no external Box projection
exact_first_block_rates.tex,21,6,96.9,supporting queries; no external Box projection
exact_first_block_rates.tex,21,7,\textbf{97.7},supporting queries; no external Box projection
exact_first_block_rates.tex,21,8,97.7,supporting queries; no external Box projection
exact_first_block_rates.tex,22,1,,supporting queries; no external Box projection
exact_first_block_rates.tex,22,2,Perturbed 2,supporting queries; no external Box projection
exact_first_block_rates.tex,22,3,96.1,supporting queries; no external Box projection
exact_first_block_rates.tex,22,4,95.3,supporting queries; no external Box projection
exact_first_block_rates.tex,22,5,\textbf{96.9},supporting queries; no external Box projection
exact_first_block_rates.tex,22,6,\textbf{96.9},supporting queries; no external Box projection
exact_first_block_rates.tex,22,7,96.1,supporting queries; no external Box projection
exact_first_block_rates.tex,22,8,95.3,supporting queries; no external Box projection
exact_first_block_rates.tex,24,1,TwoRoom,supporting queries; no external Box projection
exact_first_block_rates.tex,24,2,Standard,supporting queries; no external Box projection
exact_first_block_rates.tex,24,3,100.0,supporting queries; no external Box projection
exact_first_block_rates.tex,24,4,99.2,supporting queries; no external Box projection
exact_first_block_rates.tex,24,5,\textbf{100.0},supporting queries; no external Box projection
exact_first_block_rates.tex,24,6,99.2,supporting queries; no external Box projection
exact_first_block_rates.tex,24,7,\textbf{100.0},supporting queries; no external Box projection
exact_first_block_rates.tex,24,8,100.0,supporting queries; no external Box projection
exact_first_block_rates.tex,25,1,,supporting queries; no external Box projection
exact_first_block_rates.tex,25,2,Perturbed 1,supporting queries; no external Box projection
exact_first_block_rates.tex,25,3,99.2,supporting queries; no external Box projection
exact_first_block_rates.tex,25,4,99.2,supporting queries; no external Box projection
exact_first_block_rates.tex,25,5,\textbf{100.0},supporting queries; no external Box projection
exact_first_block_rates.tex,25,6,99.2,supporting queries; no external Box projection
exact_first_block_rates.tex,25,7,\textbf{100.0},supporting queries; no external Box projection
exact_first_block_rates.tex,25,8,99.2,supporting queries; no external Box projection
exact_first_block_rates.tex,26,1,,supporting queries; no external Box projection
exact_first_block_rates.tex,26,2,Perturbed 2,supporting queries; no external Box projection
exact_first_block_rates.tex,26,3,100.0,supporting queries; no external Box projection
exact_first_block_rates.tex,26,4,99.2,supporting queries; no external Box projection
exact_first_block_rates.tex,26,5,\textbf{100.0},supporting queries; no external Box projection
exact_first_block_rates.tex,26,6,\textbf{100.0},supporting queries; no external Box projection
exact_first_block_rates.tex,26,7,99.2,supporting queries; no external Box projection
exact_first_block_rates.tex,26,8,100.0,supporting queries; no external Box projection
ranking_diagnostics.tex,9,1,Task,supporting queries; no external Box projection
ranking_diagnostics.tex,9,2,\multicolumn{2}{c}{Endpoint error},supporting queries; no external Box projection
ranking_diagnostics.tex,9,3,\multicolumn{3}{c}{Selection regret},supporting queries; no external Box projection
ranking_diagnostics.tex,11,1,,supporting queries; no external Box projection
ranking_diagnostics.tex,11,2,{Predictor},supporting queries; no external Box projection
ranking_diagnostics.tex,11,3,{Displacement},supporting queries; no external Box projection
ranking_diagnostics.tex,11,4,{Predictor},supporting queries; no external Box projection
ranking_diagnostics.tex,11,5,{Displacement},supporting queries; no external Box projection
ranking_diagnostics.tex,11,6,{Direct},supporting queries; no external Box projection
ranking_diagnostics.tex,13,1,Cube,supporting queries; no external Box projection
ranking_diagnostics.tex,13,2,\bfseries 34.016,supporting queries; no external Box projection
ranking_diagnostics.tex,13,3,61.586,supporting queries; no external Box projection
ranking_diagnostics.tex,13,4,\bfseries 5.106,supporting queries; no external Box projection
ranking_diagnostics.tex,13,5,10.098,supporting queries; no external Box projection
ranking_diagnostics.tex,13,6,13.228,supporting queries; no external Box projection
ranking_diagnostics.tex,14,1,PushT,supporting queries; no external Box projection
ranking_diagnostics.tex,14,2,\bfseries 1.423,supporting queries; no external Box projection
ranking_diagnostics.tex,14,3,3.618,supporting queries; no external Box projection
ranking_diagnostics.tex,14,4,\bfseries 0.228,supporting queries; no external Box projection
ranking_diagnostics.tex,14,5,0.805,supporting queries; no external Box projection
ranking_diagnostics.tex,14,6,1.744,supporting queries; no external Box projection
ranking_diagnostics.tex,15,1,Reacher,supporting queries; no external Box projection
ranking_diagnostics.tex,15,2,\bfseries 27.105,supporting queries; no external Box projection
ranking_diagnostics.tex,15,3,53.371,supporting queries; no external Box projection
ranking_diagnostics.tex,15,4,\bfseries 8.429,supporting queries; no external Box projection
ranking_diagnostics.tex,15,5,13.866,supporting queries; no external Box projection
ranking_diagnostics.tex,15,6,19.108,supporting queries; no external Box projection
ranking_diagnostics.tex,16,1,TwoRoom,supporting queries; no external Box projection
ranking_diagnostics.tex,16,2,\bfseries 12.719,supporting queries; no external Box projection
ranking_diagnostics.tex,16,3,175.712,supporting queries; no external Box projection
ranking_diagnostics.tex,16,4,\bfseries 1.979,supporting queries; no external Box projection
ranking_diagnostics.tex,16,5,31.170,supporting queries; no external Box projection
ranking_diagnostics.tex,16,6,48.742,supporting queries; no external Box projection
historical_gaussian_targets.tex,6,1,,supporting queries; no external Box projection
historical_gaussian_targets.tex,6,2,\multicolumn{2}{c}{5-action CEM},supporting queries; no external Box projection
historical_gaussian_targets.tex,6,3,\multicolumn{2}{c}{Recorded actions},supporting queries; no external Box projection
historical_gaussian_targets.tex,8,1,Task,supporting queries; no external Box projection
historical_gaussian_targets.tex,8,2,Final goal,supporting queries; no external Box projection
historical_gaussian_targets.tex,8,3,Observed,supporting queries; no external Box projection
historical_gaussian_targets.tex,8,4,AP-rank,supporting queries; no external Box projection
historical_gaussian_targets.tex,8,5,Direct,supporting queries; no external Box projection
historical_gaussian_targets.tex,10,1,Cube,supporting queries; no external Box projection
historical_gaussian_targets.tex,10,2,8.6,supporting queries; no external Box projection
historical_gaussian_targets.tex,10,3,\textbf{39.1},supporting queries; no external Box projection
historical_gaussian_targets.tex,10,4,71.1,supporting queries; no external Box projection
historical_gaussian_targets.tex,10,5,\textbf{78.1},supporting queries; no external Box projection
historical_gaussian_targets.tex,11,1,PushT,supporting queries; no external Box projection
historical_gaussian_targets.tex,11,2,1.6,supporting queries; no external Box projection
historical_gaussian_targets.tex,11,3,\textbf{81.3},supporting queries; no external Box projection
historical_gaussian_targets.tex,11,4,\textbf{78.1},supporting queries; no external Box projection
historical_gaussian_targets.tex,11,5,70.3,supporting queries; no external Box projection
historical_gaussian_targets.tex,12,1,Reacher,supporting queries; no external Box projection
historical_gaussian_targets.tex,12,2,25.0,supporting queries; no external Box projection
historical_gaussian_targets.tex,12,3,\textbf{75.8},supporting queries; no external Box projection
historical_gaussian_targets.tex,12,4,95.3,supporting queries; no external Box projection
historical_gaussian_targets.tex,12,5,\textbf{96.1},supporting queries; no external Box projection
historical_gaussian_targets.tex,13,1,TwoRoom,supporting queries; no external Box projection
historical_gaussian_targets.tex,13,2,0.8,supporting queries; no external Box projection
historical_gaussian_targets.tex,13,3,\textbf{39.1},supporting queries; no external Box projection
historical_gaussian_targets.tex,13,4,\textbf{100.0},supporting queries; no external Box projection
historical_gaussian_targets.tex,13,5,\textbf{100.0},supporting queries; no external Box projection
prediction_budget_percent.tex,6,1,Task,supporting queries; no external Box projection
prediction_budget_percent.tex,6,2,Iter.,supporting queries; no external Box projection
prediction_budget_percent.tex,6,3,\shortstack{Blocks per\\decision},supporting queries; no external Box projection
prediction_budget_percent.tex,6,4,\multicolumn{2}{c}{Success (\%)},supporting queries; no external Box projection
prediction_budget_percent.tex,6,5,\multicolumn{2}{c}{Mean blocks per episode},supporting queries; no external Box projection
prediction_budget_percent.tex,8,1,,supporting queries; no external Box projection
prediction_budget_percent.tex,8,2,,supporting queries; no external Box projection
prediction_budget_percent.tex,8,3,,supporting queries; no external Box projection
prediction_budget_percent.tex,8,4,Observed,supporting queries; no external Box projection
prediction_budget_percent.tex,8,5,Final,supporting queries; no external Box projection
prediction_budget_percent.tex,8,6,Observed,supporting queries; no external Box projection
prediction_budget_percent.tex,8,7,Final,supporting queries; no external Box projection
prediction_budget_percent.tex,10,1,Cube,supporting queries; no external Box projection
prediction_budget_percent.tex,10,2,1,supporting queries; no external Box projection
prediction_budget_percent.tex,10,3,302,supporting queries; no external Box projection
prediction_budget_percent.tex,10,4,\textbf{18.0},supporting queries; no external Box projection
prediction_budget_percent.tex,10,5,8.6,supporting queries; no external Box projection
prediction_budget_percent.tex,10,6,"8,342.8",supporting queries; no external Box projection
prediction_budget_percent.tex,10,7,"8,529.1",supporting queries; no external Box projection
prediction_budget_percent.tex,11,1,,supporting queries; no external Box projection
prediction_budget_percent.tex,11,2,5,supporting queries; no external Box projection
prediction_budget_percent.tex,11,3,"1,502",supporting queries; no external Box projection
prediction_budget_percent.tex,11,4,\textbf{36.7},supporting queries; no external Box projection
prediction_budget_percent.tex,11,5,7.0,supporting queries; no external Box projection
prediction_budget_percent.tex,11,6,"33,513.4",supporting queries; no external Box projection
prediction_budget_percent.tex,11,7,"42,091.2",supporting queries; no external Box projection
prediction_budget_percent.tex,12,1,,supporting queries; no external Box projection
prediction_budget_percent.tex,12,2,30,supporting queries; no external Box projection
prediction_budget_percent.tex,12,3,"9,002",supporting queries; no external Box projection
prediction_budget_percent.tex,12,4,\textbf{39.1},supporting queries; no external Box projection
prediction_budget_percent.tex,12,5,8.6,supporting queries; no external Box projection
prediction_budget_percent.tex,12,6,"184,259.7",supporting queries; no external Box projection
prediction_budget_percent.tex,12,7,"247,906.6",supporting queries; no external Box projection
prediction_budget_percent.tex,14,1,PushT,supporting queries; no external Box projection
prediction_budget_percent.tex,14,2,1,supporting queries; no external Box projection
prediction_budget_percent.tex,14,3,302,supporting queries; no external Box projection
prediction_budget_percent.tex,14,4,\textbf{2.3},supporting queries; no external Box projection
prediction_budget_percent.tex,14,5,1.6,supporting queries; no external Box projection
prediction_budget_percent.tex,14,6,"16,834.1",supporting queries; no external Box projection
prediction_budget_percent.tex,14,7,"16,751.6",supporting queries; no external Box projection
prediction_budget_percent.tex,15,1,,supporting queries; no external Box projection
prediction_budget_percent.tex,15,2,5,supporting queries; no external Box projection
prediction_budget_percent.tex,15,3,"1,502",supporting queries; no external Box projection
prediction_budget_percent.tex,15,4,\textbf{60.9},supporting queries; no external Box projection
prediction_budget_percent.tex,15,5,1.6,supporting queries; no external Box projection
prediction_budget_percent.tex,15,6,"59,857.0",supporting queries; no external Box projection
prediction_budget_percent.tex,15,7,"82,926.8",supporting queries; no external Box projection
prediction_budget_percent.tex,16,1,,supporting queries; no external Box projection
prediction_budget_percent.tex,16,2,30,supporting queries; no external Box projection
prediction_budget_percent.tex,16,3,"9,002",supporting queries; no external Box projection
prediction_budget_percent.tex,16,4,\textbf{81.3},supporting queries; no external Box projection
prediction_budget_percent.tex,16,5,1.6,supporting queries; no external Box projection
prediction_budget_percent.tex,16,6,"298,331.9",supporting queries; no external Box projection
prediction_budget_percent.tex,16,7,"496,516.6",supporting queries; no external Box projection
